-- SCHEMA POSTGRESQL: d-12-dumai
CREATE SCHEMA IF NOT EXISTS "d-12-dumai";
SET search_path TO "d-12-dumai";

CREATE TABLE IF NOT EXISTS data_perusahaan (perusahaan_id VARCHAR(20) PRIMARY KEY, nama_perusahaan VARCHAR(100), lokasi_kabupaten VARCHAR(10), kapasitas NUMERIC(10,2));
CREATE TABLE IF NOT EXISTS data_karyawan (karyawan_id VARCHAR(30) PRIMARY KEY, perusahaan_id VARCHAR(20), nama_karyawan VARCHAR(100), jabatan VARCHAR(50), status VARCHAR(20));
CREATE TABLE IF NOT EXISTS varietas (id_varietas VARCHAR(10) PRIMARY KEY, nama_varietas VARCHAR(50), produsen VARCHAR(50), potensi_cpo DECIMAL(4,2), tahan_ganoderma VARCHAR(20), rerata_tandan_kg DECIMAL(4,2));
CREATE TABLE IF NOT EXISTS kebun_produksi (kebun_id VARCHAR(20) PRIMARY KEY, perusahaan_id VARCHAR(20), nama_kebun VARCHAR(100), lokasi_kabupaten VARCHAR(10), luas_ha NUMERIC(10,2), tahun_tanam SMALLINT, varietas_id VARCHAR(20), status VARCHAR(20));
CREATE TABLE IF NOT EXISTS produksi_bulanan (id VARCHAR(30) PRIMARY KEY, perusahaan_id VARCHAR(20), tahun SMALLINT, bulan SMALLINT, produksi_tbs_ton NUMERIC(12,2), luas_panen_ha NUMERIC(10,2), stok_akhir_ton NUMERIC(12,2), volume_penjualan NUMERIC(12,2));
CREATE TABLE IF NOT EXISTS realisasi_panen (realisasi_id VARCHAR(30) PRIMARY KEY, kebun_id VARCHAR(20), perusahaan_id VARCHAR(20), target_panen_ton NUMERIC(12,2), realisasi_panen_ton NUMERIC(12,2), tgl_mulai DATE, tgl_selesai DATE, status_panen VARCHAR(20));

INSERT INTO data_perusahaan VALUES ('PKS-D-12', 'PT Dumai Indah', '1472', 28);
INSERT INTO data_karyawan VALUES
('PKS-D-12-KRY-01', 'PKS-D-12', 'Fadli Sulaiman', 'Manager', 'aktif'),
('PKS-D-12-KRY-02', 'PKS-D-12', 'Hasan Laila', 'Manager', 'aktif'),
('PKS-D-12-KRY-03', 'PKS-D-12', 'Bachtiar Sulaiman', 'Admin', 'resign'),
('PKS-D-12-KRY-04', 'PKS-D-12', 'Emil Ibrahim', 'Supervisor', 'pensiun'),
('PKS-D-12-KRY-05', 'PKS-D-12', 'Nur Sulaiman', 'Manager', 'resign'),
('PKS-D-12-KRY-06', 'PKS-D-12', 'Aminah Siddiq', 'Admin', 'aktif'),
('PKS-D-12-KRY-07', 'PKS-D-12', 'Fadli Sulaiman', 'Operator', 'pensiun'),
('PKS-D-12-KRY-08', 'PKS-D-12', 'Andi Hasan', 'Supervisor', 'pensiun'),
('PKS-D-12-KRY-09', 'PKS-D-12', 'Ihsan Laila', 'Manager', 'resign'),
('PKS-D-12-KRY-10', 'PKS-D-12', 'Aminah Laila', 'Security', 'pensiun');
INSERT INTO varietas VALUES
('V-01', 'DxP PPKS 540', 'PPKS', 8.5, 'Tinggi', 16.5),
('V-02', 'DxP Simalungun', 'PPKS', 7.8, 'Sedang', 18.2),
('V-03', 'DxP Yangambi', 'Socfindo', 8.2, 'Rentan', 15.0);
INSERT INTO kebun_produksi VALUES
('KBN-12-1', 'PKS-D-12', 'Kebun Afdeling 1', '1472', 1301.13, 2018, 'V-01', 'produktif'),
('KBN-12-2', 'PKS-D-12', 'Kebun Afdeling 2', '1472', 1211.51, 2013, 'V-02', 'produktif'),
('KBN-12-3', 'PKS-D-12', 'Kebun Afdeling 3', '1472', 2687.36, 2010, 'V-01', 'TBM');
INSERT INTO produksi_bulanan VALUES
('ID-PKS-D-12-2301', 'PKS-D-12', 2023, 1, 9289.93, 5200, 1028.86, 9092.31),
('ID-PKS-D-12-2302', 'PKS-D-12', 2023, 2, 9902.63, 5200, 1712.92, 9218.56),
('ID-PKS-D-12-2303', 'PKS-D-12', 2023, 3, 9810.86, 5200, 2360.66, 9163.12),
('ID-PKS-D-12-2304', 'PKS-D-12', 2023, 4, 11807.77, 5200, 3660.35, 10508.08),
('ID-PKS-D-12-2305', 'PKS-D-12', 2023, 5, 14036.77, 5200, 4777.75, 12919.36),
('ID-PKS-D-12-2306', 'PKS-D-12', 2023, 6, 14793.07, 5200, 6129.62, 13441.2),
('ID-PKS-D-12-2307', 'PKS-D-12', 2023, 7, 11801.97, 5200, 7001.74, 10929.84),
('ID-PKS-D-12-2308', 'PKS-D-12', 2023, 8, 14099.31, 5200, 8612.38, 12488.68),
('ID-PKS-D-12-2309', 'PKS-D-12', 2023, 9, 10528.5, 5200, 9095.47, 10045.41),
('ID-PKS-D-12-2310', 'PKS-D-12', 2023, 10, 11976.51, 5200, 10852.75, 10219.23),
('ID-PKS-D-12-2311', 'PKS-D-12', 2023, 11, 8884.4, 5200, 11315.56, 8421.59),
('ID-PKS-D-12-2312', 'PKS-D-12', 2023, 12, 8578.86, 5200, 12000.96, 7893.47),
('ID-PKS-D-12-2401', 'PKS-D-12', 2024, 1, 9575.15, 5200, 13370.52, 8205.6),
('ID-PKS-D-12-2402', 'PKS-D-12', 2024, 2, 8303.57, 5200, 14089.55, 7584.53),
('ID-PKS-D-12-2403', 'PKS-D-12', 2024, 3, 10415.56, 5200, 14555.87, 9949.25),
('ID-PKS-D-12-2404', 'PKS-D-12', 2024, 4, 10770.66, 5200, 16152.22, 9174.32),
('ID-PKS-D-12-2405', 'PKS-D-12', 2024, 5, 13365.13, 5200, 17974.43, 11542.92),
('ID-PKS-D-12-2406', 'PKS-D-12', 2024, 6, 14818.35, 5200, 18779.04, 14013.74),
('ID-PKS-D-12-2407', 'PKS-D-12', 2024, 7, 10406.45, 5200, 19135.08, 10050.41),
('ID-PKS-D-12-2408', 'PKS-D-12', 2024, 8, 13427.82, 5200, 20966.26, 11596.64),
('ID-PKS-D-12-2409', 'PKS-D-12', 2024, 9, 11485.91, 5200, 21234.77, 11217.4),
('ID-PKS-D-12-2410', 'PKS-D-12', 2024, 10, 8781.61, 5200, 21446.95, 8569.42),
('ID-PKS-D-12-2411', 'PKS-D-12', 2024, 11, 10781.06, 5200, 23021.03, 9206.99),
('ID-PKS-D-12-2412', 'PKS-D-12', 2024, 12, 7605.55, 5200, 23394.59, 7231.98),
('ID-PKS-D-12-2501', 'PKS-D-12', 2025, 1, 9064.51, 5200, 24654.63, 7804.47),
('ID-PKS-D-12-2502', 'PKS-D-12', 2025, 2, 9251.78, 5200, 25720.42, 8185.98),
('ID-PKS-D-12-2503', 'PKS-D-12', 2025, 3, 12560.12, 5200, 26949.01, 11331.54),
('ID-PKS-D-12-2504', 'PKS-D-12', 2025, 4, 11894.27, 5200, 28376.57, 10466.71),
('ID-PKS-D-12-2505', 'PKS-D-12', 2025, 5, 12724.83, 5200, 30081.1, 11020.3),
('ID-PKS-D-12-2506', 'PKS-D-12', 2025, 6, 13880.32, 5200, 30950.62, 13010.8),
('ID-PKS-D-12-2507', 'PKS-D-12', 2025, 7, 13486.63, 5200, 32104.92, 12332.33),
('ID-PKS-D-12-2508', 'PKS-D-12', 2025, 8, 10222.28, 5200, 32515.74, 9811.47),
('ID-PKS-D-12-2509', 'PKS-D-12', 2025, 9, 9604.93, 5200, 33878.09, 8242.58),
('ID-PKS-D-12-2510', 'PKS-D-12', 2025, 10, 12047.33, 5200, 35160.49, 10764.93),
('ID-PKS-D-12-2511', 'PKS-D-12', 2025, 11, 7721.96, 5200, 36307.77, 6574.68),
('ID-PKS-D-12-2512', 'PKS-D-12', 2025, 12, 9505.89, 5200, 37044.18, 8769.47),
('ID-PKS-D-12-2601', 'PKS-D-12', 2026, 1, 7351.34, 5200, 37574.77, 6820.75),
('ID-PKS-D-12-2602', 'PKS-D-12', 2026, 2, 10461.12, 5200, 38384.18, 9651.71),
('ID-PKS-D-12-2603', 'PKS-D-12', 2026, 3, 10596.58, 5200, 38787.94, 10192.82),
('ID-PKS-D-12-2604', 'PKS-D-12', 2026, 4, 11457.71, 5200, 39202.18, 11043.47);
INSERT INTO realisasi_panen VALUES
('PN-KBN-12-1-2301', 'KBN-12-1', 'PKS-D-12', 2604.6, 2547.11, '2023-01-02', '2023-01-12', 'selesai'),
('PN-KBN-12-2-2301', 'KBN-12-2', 'PKS-D-12', 2659.61, 2864.95, '2023-01-04', '2023-01-14', 'selesai'),
('PN-KBN-12-1-2302', 'KBN-12-1', 'PKS-D-12', 2764.64, 3021.17, '2023-02-05', '2023-02-15', 'selesai'),
('PN-KBN-12-2-2302', 'KBN-12-2', 'PKS-D-12', 2011.72, 1926.98, '2023-02-05', '2023-02-14', 'selesai'),
('PN-KBN-12-1-2303', 'KBN-12-1', 'PKS-D-12', 2443.49, 1715.64, '2023-03-06', '2023-03-13', 'selesai'),
('PN-KBN-12-2-2303', 'KBN-12-2', 'PKS-D-12', 2137.65, 2344.78, '2023-03-03', '2023-03-16', 'selesai'),
('PN-KBN-12-1-2304', 'KBN-12-1', 'PKS-D-12', 2653.82, 2807.27, '2023-04-03', '2023-04-15', 'selesai'),
('PN-KBN-12-2-2304', 'KBN-12-2', 'PKS-D-12', 1834.17, 0.0, '2023-04-05', '2023-04-14', 'tertunda'),
('PN-KBN-12-1-2305', 'KBN-12-1', 'PKS-D-12', 2066.76, 2035.39, '2023-05-03', '2023-05-10', 'selesai'),
('PN-KBN-12-2-2305', 'KBN-12-2', 'PKS-D-12', 2461.03, 2675.15, '2023-05-05', '2023-05-13', 'selesai'),
('PN-KBN-12-1-2306', 'KBN-12-1', 'PKS-D-12', 2059.88, 2078.55, '2023-06-06', '2023-06-12', 'selesai'),
('PN-KBN-12-2-2306', 'KBN-12-2', 'PKS-D-12', 2517.1, 2484.16, '2023-06-04', '2023-06-16', 'selesai'),
('PN-KBN-12-1-2307', 'KBN-12-1', 'PKS-D-12', 2173.27, 2285.43, '2023-07-05', '2023-07-16', 'selesai'),
('PN-KBN-12-2-2307', 'KBN-12-2', 'PKS-D-12', 2367.62, 2338.97, '2023-07-04', '2023-07-18', 'selesai'),
('PN-KBN-12-1-2308', 'KBN-12-1', 'PKS-D-12', 2483.29, 2557.69, '2023-08-02', '2023-08-13', 'selesai'),
('PN-KBN-12-2-2308', 'KBN-12-2', 'PKS-D-12', 1899.31, 2069.65, '2023-08-03', '2023-08-14', 'selesai'),
('PN-KBN-12-1-2309', 'KBN-12-1', 'PKS-D-12', 2228.58, 2221.26, '2023-09-05', '2023-09-19', 'selesai'),
('PN-KBN-12-2-2309', 'KBN-12-2', 'PKS-D-12', 2490.63, 2723.1, '2023-09-05', '2023-09-15', 'selesai'),
('PN-KBN-12-1-2310', 'KBN-12-1', 'PKS-D-12', 2362.68, 2494.81, '2023-10-02', '2023-10-07', 'selesai'),
('PN-KBN-12-2-2310', 'KBN-12-2', 'PKS-D-12', 2472.36, 2673.16, '2023-10-04', '2023-10-16', 'selesai'),
('PN-KBN-12-1-2311', 'KBN-12-1', 'PKS-D-12', 2776.24, 2843.8, '2023-11-06', '2023-11-16', 'selesai'),
('PN-KBN-12-2-2311', 'KBN-12-2', 'PKS-D-12', 2640.75, 2527.89, '2023-11-06', '2023-11-13', 'selesai'),
('PN-KBN-12-1-2312', 'KBN-12-1', 'PKS-D-12', 2730.03, 2728.83, '2023-12-05', '2023-12-20', 'selesai'),
('PN-KBN-12-2-2312', 'KBN-12-2', 'PKS-D-12', 2477.04, 2696.28, '2023-12-05', '2023-12-17', 'selesai'),
('PN-KBN-12-1-2401', 'KBN-12-1', 'PKS-D-12', 2227.98, 2325.96, '2024-01-04', '2024-01-18', 'selesai'),
('PN-KBN-12-2-2401', 'KBN-12-2', 'PKS-D-12', 1913.75, 1826.83, '2024-01-02', '2024-01-13', 'selesai'),
('PN-KBN-12-1-2402', 'KBN-12-1', 'PKS-D-12', 2422.55, 2423.65, '2024-02-04', '2024-02-19', 'selesai'),
('PN-KBN-12-2-2402', 'KBN-12-2', 'PKS-D-12', 2163.68, 2305.45, '2024-02-05', '2024-02-13', 'selesai'),
('PN-KBN-12-1-2403', 'KBN-12-1', 'PKS-D-12', 2383.76, 2374.35, '2024-03-05', '2024-03-16', 'selesai'),
('PN-KBN-12-2-2403', 'KBN-12-2', 'PKS-D-12', 2239.85, 2292.99, '2024-03-04', '2024-03-12', 'selesai'),
('PN-KBN-12-1-2404', 'KBN-12-1', 'PKS-D-12', 2066.75, 2211.05, '2024-04-06', '2024-04-18', 'selesai'),
('PN-KBN-12-2-2404', 'KBN-12-2', 'PKS-D-12', 2060.2, 2087.12, '2024-04-06', '2024-04-11', 'selesai'),
('PN-KBN-12-1-2405', 'KBN-12-1', 'PKS-D-12', 2310.1, 2482.5, '2024-05-03', '2024-05-10', 'selesai'),
('PN-KBN-12-2-2405', 'KBN-12-2', 'PKS-D-12', 2088.3, 2164.19, '2024-05-06', '2024-05-20', 'selesai'),
('PN-KBN-12-1-2406', 'KBN-12-1', 'PKS-D-12', 2804.46, 2938.22, '2024-06-04', '2024-06-11', 'selesai'),
('PN-KBN-12-2-2406', 'KBN-12-2', 'PKS-D-12', 2095.36, 1999.74, '2024-06-02', '2024-06-13', 'selesai'),
('PN-KBN-12-1-2407', 'KBN-12-1', 'PKS-D-12', 2727.37, 2937.15, '2024-07-03', '2024-07-13', 'selesai'),
('PN-KBN-12-2-2407', 'KBN-12-2', 'PKS-D-12', 2358.76, 1812.35, '2024-07-06', '2024-07-15', 'selesai'),
('PN-KBN-12-1-2408', 'KBN-12-1', 'PKS-D-12', 2549.43, 2458.72, '2024-08-02', '2024-08-13', 'selesai'),
('PN-KBN-12-2-2408', 'KBN-12-2', 'PKS-D-12', 2208.83, 0.0, '2024-08-03', '2024-08-15', 'tertunda'),
('PN-KBN-12-1-2409', 'KBN-12-1', 'PKS-D-12', 2833.44, 2853.31, '2024-09-06', '2024-09-20', 'selesai'),
('PN-KBN-12-2-2409', 'KBN-12-2', 'PKS-D-12', 1921.4, 1859.56, '2024-09-04', '2024-09-09', 'selesai'),
('PN-KBN-12-1-2410', 'KBN-12-1', 'PKS-D-12', 2755.58, 1508.5, '2024-10-04', '2024-10-13', 'selesai'),
('PN-KBN-12-2-2410', 'KBN-12-2', 'PKS-D-12', 2284.14, 0.0, '2024-10-04', '2024-10-15', 'tertunda'),
('PN-KBN-12-1-2411', 'KBN-12-1', 'PKS-D-12', 2267.31, 2376.28, '2024-11-03', '2024-11-17', 'selesai'),
('PN-KBN-12-2-2411', 'KBN-12-2', 'PKS-D-12', 2209.62, 2211.98, '2024-11-03', '2024-11-14', 'selesai'),
('PN-KBN-12-1-2412', 'KBN-12-1', 'PKS-D-12', 2382.7, 2290.98, '2024-12-06', '2024-12-18', 'selesai'),
('PN-KBN-12-2-2412', 'KBN-12-2', 'PKS-D-12', 2275.57, 2399.77, '2024-12-04', '2024-12-17', 'selesai'),
('PN-KBN-12-1-2501', 'KBN-12-1', 'PKS-D-12', 2063.43, 2261.87, '2025-01-03', '2025-01-08', 'selesai'),
('PN-KBN-12-2-2501', 'KBN-12-2', 'PKS-D-12', 1867.59, 0.0, '2025-01-06', '2025-01-18', 'tertunda'),
('PN-KBN-12-1-2502', 'KBN-12-1', 'PKS-D-12', 2422.3, 2637.21, '2025-02-03', '2025-02-11', 'selesai'),
('PN-KBN-12-2-2502', 'KBN-12-2', 'PKS-D-12', 2625.87, 1353.47, '2025-02-02', '2025-02-12', 'selesai'),
('PN-KBN-12-1-2503', 'KBN-12-1', 'PKS-D-12', 1990.78, 2113.46, '2025-03-05', '2025-03-13', 'selesai'),
('PN-KBN-12-2-2503', 'KBN-12-2', 'PKS-D-12', 2309.89, 2536.33, '2025-03-03', '2025-03-13', 'selesai'),
('PN-KBN-12-1-2504', 'KBN-12-1', 'PKS-D-12', 2371.58, 0.0, '2025-04-02', '2025-04-09', 'tertunda'),
('PN-KBN-12-2-2504', 'KBN-12-2', 'PKS-D-12', 1940.82, 1977.21, '2025-04-05', '2025-04-15', 'selesai'),
('PN-KBN-12-1-2505', 'KBN-12-1', 'PKS-D-12', 2206.29, 2423.45, '2025-05-02', '2025-05-11', 'selesai'),
('PN-KBN-12-2-2505', 'KBN-12-2', 'PKS-D-12', 2401.95, 1661.44, '2025-05-06', '2025-05-13', 'selesai'),
('PN-KBN-12-1-2506', 'KBN-12-1', 'PKS-D-12', 2774.25, 2770.09, '2025-06-04', '2025-06-17', 'selesai'),
('PN-KBN-12-2-2506', 'KBN-12-2', 'PKS-D-12', 2132.39, 2275.54, '2025-06-03', '2025-06-16', 'selesai'),
('PN-KBN-12-1-2507', 'KBN-12-1', 'PKS-D-12', 2087.62, 2063.8, '2025-07-06', '2025-07-21', 'selesai'),
('PN-KBN-12-2-2507', 'KBN-12-2', 'PKS-D-12', 2289.65, 2379.36, '2025-07-03', '2025-07-09', 'selesai'),
('PN-KBN-12-1-2508', 'KBN-12-1', 'PKS-D-12', 2493.16, 2592.35, '2025-08-06', '2025-08-16', 'selesai'),
('PN-KBN-12-2-2508', 'KBN-12-2', 'PKS-D-12', 2373.93, 2358.8, '2025-08-04', '2025-08-11', 'selesai'),
('PN-KBN-12-1-2509', 'KBN-12-1', 'PKS-D-12', 2003.59, 2163.52, '2025-09-04', '2025-09-10', 'selesai'),
('PN-KBN-12-2-2509', 'KBN-12-2', 'PKS-D-12', 2023.53, 2111.27, '2025-09-03', '2025-09-11', 'selesai'),
('PN-KBN-12-1-2510', 'KBN-12-1', 'PKS-D-12', 2787.14, 2929.72, '2025-10-02', '2025-10-14', 'selesai'),
('PN-KBN-12-2-2510', 'KBN-12-2', 'PKS-D-12', 2384.04, 2295.13, '2025-10-04', '2025-10-16', 'selesai'),
('PN-KBN-12-1-2511', 'KBN-12-1', 'PKS-D-12', 2194.63, 2357.55, '2025-11-04', '2025-11-14', 'selesai'),
('PN-KBN-12-2-2511', 'KBN-12-2', 'PKS-D-12', 2150.88, 2313.12, '2025-11-02', '2025-11-16', 'selesai'),
('PN-KBN-12-1-2512', 'KBN-12-1', 'PKS-D-12', 2088.58, 1511.16, '2025-12-04', '2025-12-13', 'selesai'),
('PN-KBN-12-2-2512', 'KBN-12-2', 'PKS-D-12', 1877.88, 1817.36, '2025-12-06', '2025-12-12', 'selesai'),
('PN-KBN-12-1-2601', 'KBN-12-1', 'PKS-D-12', 2701.9, 0.0, '2026-01-05', '2026-01-18', 'tertunda'),
('PN-KBN-12-2-2601', 'KBN-12-2', 'PKS-D-12', 1894.06, 2082.69, '2026-01-05', '2026-01-15', 'selesai'),
('PN-KBN-12-1-2602', 'KBN-12-1', 'PKS-D-12', 2333.04, 2259.67, '2026-02-06', '2026-02-21', 'selesai'),
('PN-KBN-12-2-2602', 'KBN-12-2', 'PKS-D-12', 2474.36, 1366.97, '2026-02-04', '2026-02-11', 'selesai'),
('PN-KBN-12-1-2603', 'KBN-12-1', 'PKS-D-12', 1968.6, 1980.12, '2026-03-03', '2026-03-17', 'selesai'),
('PN-KBN-12-2-2603', 'KBN-12-2', 'PKS-D-12', 1916.55, 2005.84, '2026-03-02', '2026-03-16', 'selesai'),
('PN-KBN-12-1-2604', 'KBN-12-1', 'PKS-D-12', 2710.04, 2806.0, '2026-04-06', '2026-04-16', 'selesai'),
('PN-KBN-12-2-2604', 'KBN-12-2', 'PKS-D-12', 2073.88, 2126.18, '2026-04-05', '2026-04-16', 'selesai');
