-- SCHEMA POSTGRESQL: c-08-rokan-hilir
CREATE SCHEMA IF NOT EXISTS "c-08-rokan-hilir";
SET search_path TO "c-08-rokan-hilir";

CREATE TABLE IF NOT EXISTS perusahaan_c (kode_perusahaan VARCHAR(20) PRIMARY KEY, nama VARCHAR(100), wilayah_kode VARCHAR(10), kapasitas_ton_per_jam NUMERIC(10,2));
CREATE TABLE IF NOT EXISTS karyawan_c (id SERIAL PRIMARY KEY, kode_perusahaan VARCHAR(20), nama VARCHAR(100), jabatan VARCHAR(50), aktif BOOLEAN);
CREATE TABLE IF NOT EXISTS varietas (id_varietas VARCHAR(10) PRIMARY KEY, nama_varietas VARCHAR(50), produsen VARCHAR(50), potensi_cpo DECIMAL(4,2), tahan_ganoderma VARCHAR(20), rerata_tandan_kg DECIMAL(4,2));
CREATE TABLE IF NOT EXISTS lahan (lahan_id VARCHAR(20) PRIMARY KEY, kode_perusahaan VARCHAR(20), nama_lahan VARCHAR(100), wilayah_kode VARCHAR(10), luas_ha NUMERIC(10,2), tahun_tanam SMALLINT, varietas_id VARCHAR(20), status_lahan VARCHAR(20));
CREATE TABLE IF NOT EXISTS laporan (id_laporan VARCHAR(30) PRIMARY KEY, kode_perusahaan VARCHAR(20), tgl_laporan DATE, produksi NUMERIC(12,2), luas_ha NUMERIC(10,2), stok_akhir_tahun NUMERIC(12,2), penjualan_ton NUMERIC(12,2));
CREATE TABLE IF NOT EXISTS target_panen (target_id VARCHAR(30) PRIMARY KEY, lahan_id VARCHAR(20), kode_perusahaan VARCHAR(20), target_panen NUMERIC(12,2), realisasi_panen NUMERIC(12,2), tgl_mulai DATE, tgl_selesai DATE, status VARCHAR(20));

INSERT INTO perusahaan_c VALUES ('PKS-C-08', 'PT Rohil Abadi', '1409', 70);
INSERT INTO karyawan_c (kode_perusahaan, nama, jabatan, aktif) VALUES
('PKS-C-08', 'Ghazali Siddiq', 'Admin', FALSE),
('PKS-C-08', 'Ghazali Hamzah', 'Supervisor', TRUE),
('PKS-C-08', 'Siti Ismail', 'Admin', TRUE),
('PKS-C-08', 'Emil Syafiq', 'Supervisor', FALSE),
('PKS-C-08', 'Bachtiar Sari', 'Operator', FALSE),
('PKS-C-08', 'Hasan Hasan', 'Security', TRUE),
('PKS-C-08', 'Bachtiar Sulaiman', 'Mandor', TRUE),
('PKS-C-08', 'Fadli Hasan', 'Security', FALSE),
('PKS-C-08', 'Aminah Sulaiman', 'Mekanik', FALSE),
('PKS-C-08', 'Dahnil Laila', 'Security', FALSE);
INSERT INTO varietas VALUES
('V-01', 'DxP PPKS 540', 'PPKS', 8.5, 'Tinggi', 16.5),
('V-02', 'DxP Simalungun', 'PPKS', 7.8, 'Sedang', 18.2),
('V-03', 'DxP Yangambi', 'Socfindo', 8.2, 'Rentan', 15.0);
INSERT INTO lahan VALUES
('KBN-08-1', 'PKS-C-08', 'Kebun Afdeling 1', '1409', 6639.44, 2020, 'V-02', 'produktif'),
('KBN-08-2', 'PKS-C-08', 'Kebun Afdeling 2', '1409', 1754.48, 2014, 'V-03', 'replanting'),
('KBN-08-3', 'PKS-C-08', 'Kebun Afdeling 3', '1409', 6406.08, 2012, 'V-02', 'produktif');
INSERT INTO laporan VALUES
('L-PKS-C-08-2301', 'PKS-C-08', '2023-01-01', 26899.06, 14800, 3224.97, 24184.6),
('L-PKS-C-08-2302', 'PKS-C-08', '2023-02-01', 29309.93, 14800, 5697.4, 26837.49),
('L-PKS-C-08-2303', 'PKS-C-08', '2023-03-01', 29093.11, 14800, 6824.13, 27966.38),
('L-PKS-C-08-2304', 'PKS-C-08', '2023-04-01', 32827.27, 14800, 10501.27, 29150.13),
('L-PKS-C-08-2305', 'PKS-C-08', '2023-05-01', 34912.52, 14800, 12195.16, 33218.62),
('L-PKS-C-08-2306', 'PKS-C-08', '2023-06-01', 34210.59, 14800, 17201.74, 29204.02),
('L-PKS-C-08-2307', 'PKS-C-08', '2023-07-01', 36177.45, 14800, 21644.76, 31734.43),
('L-PKS-C-08-2308', 'PKS-C-08', '2023-08-01', 27675.51, 14800, 24923.56, 24396.71),
('L-PKS-C-08-2309', 'PKS-C-08', '2023-09-01', 34292.05, 14800, 26988.8, 32226.81),
('L-PKS-C-08-2310', 'PKS-C-08', '2023-10-01', 29083.1, 14800, 28278.23, 27793.67),
('L-PKS-C-08-2311', 'PKS-C-08', '2023-11-01', 29994.93, 14800, 28949.53, 29323.62),
('L-PKS-C-08-2312', 'PKS-C-08', '2023-12-01', 28330.93, 14800, 33084.35, 24196.12),
('L-PKS-C-08-2401', 'PKS-C-08', '2024-01-01', 25718.88, 14800, 35656.55, 23146.68),
('L-PKS-C-08-2402', 'PKS-C-08', '2024-02-01', 25002.98, 14800, 37001.22, 23658.31),
('L-PKS-C-08-2403', 'PKS-C-08', '2024-03-01', 27754.65, 14800, 37824.21, 26931.66),
('L-PKS-C-08-2404', 'PKS-C-08', '2024-04-01', 30015.46, 14800, 39176.09, 28663.58),
('L-PKS-C-08-2405', 'PKS-C-08', '2024-05-01', 37283.34, 14800, 42240.96, 34218.48),
('L-PKS-C-08-2406', 'PKS-C-08', '2024-06-01', 36418.48, 14800, 43527.48, 35131.96),
('L-PKS-C-08-2407', 'PKS-C-08', '2024-07-01', 32197.72, 14800, 46762.24, 28962.96),
('L-PKS-C-08-2408', 'PKS-C-08', '2024-08-01', 35830.38, 14800, 50474.77, 32117.84),
('L-PKS-C-08-2409', 'PKS-C-08', '2024-09-01', 28526.8, 14800, 52137.23, 26864.35),
('L-PKS-C-08-2410', 'PKS-C-08', '2024-10-01', 29764.7, 14800, 54436.11, 27465.81),
('L-PKS-C-08-2411', 'PKS-C-08', '2024-11-01', 26340.68, 14800, 55344.3, 25432.49),
('L-PKS-C-08-2412', 'PKS-C-08', '2024-12-01', 26003.09, 14800, 58994.97, 22352.42),
('L-PKS-C-08-2501', 'PKS-C-08', '2025-01-01', 19120.57, 14800, 59939.94, 18175.6),
('L-PKS-C-08-2502', 'PKS-C-08', '2025-02-01', 26774.06, 14800, 63008.99, 23705.0),
('L-PKS-C-08-2503', 'PKS-C-08', '2025-03-01', 34306.95, 14800, 67573.19, 29742.76),
('L-PKS-C-08-2504', 'PKS-C-08', '2025-04-01', 31398.52, 14800, 72247.61, 26724.1),
('L-PKS-C-08-2505', 'PKS-C-08', '2025-05-01', 32522.87, 14800, 75135.03, 29635.45),
('L-PKS-C-08-2506', 'PKS-C-08', '2025-06-01', 38196.05, 14800, 80403.67, 32927.41),
('L-PKS-C-08-2507', 'PKS-C-08', '2025-07-01', 42240.98, 14800, 84397.94, 38246.71),
('L-PKS-C-08-2508', 'PKS-C-08', '2025-08-01', 40973.12, 14800, 85744.02, 39627.03),
('L-PKS-C-08-2509', 'PKS-C-08', '2025-09-01', 32309.22, 14800, 88032.56, 30020.68),
('L-PKS-C-08-2510', 'PKS-C-08', '2025-10-01', 28432.18, 14800, 89038.97, 27425.77),
('L-PKS-C-08-2511', 'PKS-C-08', '2025-11-01', 28595.4, 14800, 92920.6, 24713.77),
('L-PKS-C-08-2512', 'PKS-C-08', '2025-12-01', 27016.45, 14800, 95234.83, 24702.22),
('L-PKS-C-08-2601', 'PKS-C-08', '2026-01-01', 20649.6, 14800, 96362.0, 19522.44),
('L-PKS-C-08-2602', 'PKS-C-08', '2026-02-01', 22641.62, 14800, 97601.02, 21402.61),
('L-PKS-C-08-2603', 'PKS-C-08', '2026-03-01', 33822.81, 14800, 100862.79, 30561.04),
('L-PKS-C-08-2604', 'PKS-C-08', '2026-04-01', 38338.53, 14800, 104377.46, 34823.86);
INSERT INTO target_panen VALUES
('PN-KBN-08-1-2301', 'KBN-08-1', 'PKS-C-08', 11803.91, 12432.76, '2023-01-05', '2023-01-14', 'selesai'),
('PN-KBN-08-3-2301', 'KBN-08-3', 'PKS-C-08', 12966.21, 12952.67, '2023-01-03', '2023-01-14', 'selesai'),
('PN-KBN-08-1-2302', 'KBN-08-1', 'PKS-C-08', 13032.59, 13640.15, '2023-02-06', '2023-02-11', 'selesai'),
('PN-KBN-08-3-2302', 'KBN-08-3', 'PKS-C-08', 11386.45, 12076.84, '2023-02-05', '2023-02-18', 'selesai'),
('PN-KBN-08-1-2303', 'KBN-08-1', 'PKS-C-08', 13887.57, 13366.43, '2023-03-06', '2023-03-13', 'selesai'),
('PN-KBN-08-3-2303', 'KBN-08-3', 'PKS-C-08', 12034.57, 12705.09, '2023-03-02', '2023-03-10', 'selesai'),
('PN-KBN-08-1-2304', 'KBN-08-1', 'PKS-C-08', 10793.3, 11194.55, '2023-04-04', '2023-04-17', 'selesai'),
('PN-KBN-08-3-2304', 'KBN-08-3', 'PKS-C-08', 12106.21, 11924.43, '2023-04-06', '2023-04-19', 'selesai'),
('PN-KBN-08-1-2305', 'KBN-08-1', 'PKS-C-08', 10934.95, 5674.81, '2023-05-04', '2023-05-15', 'selesai'),
('PN-KBN-08-3-2305', 'KBN-08-3', 'PKS-C-08', 11486.37, 11074.39, '2023-05-05', '2023-05-10', 'selesai'),
('PN-KBN-08-1-2306', 'KBN-08-1', 'PKS-C-08', 13020.86, 13367.45, '2023-06-05', '2023-06-11', 'selesai'),
('PN-KBN-08-3-2306', 'KBN-08-3', 'PKS-C-08', 11514.88, 12238.68, '2023-06-02', '2023-06-13', 'selesai'),
('PN-KBN-08-1-2307', 'KBN-08-1', 'PKS-C-08', 11062.62, 7946.98, '2023-07-06', '2023-07-15', 'selesai'),
('PN-KBN-08-3-2307', 'KBN-08-3', 'PKS-C-08', 12501.96, 8772.51, '2023-07-03', '2023-07-13', 'selesai'),
('PN-KBN-08-1-2308', 'KBN-08-1', 'PKS-C-08', 10323.35, 0.0, '2023-08-03', '2023-08-08', 'tertunda'),
('PN-KBN-08-3-2308', 'KBN-08-3', 'PKS-C-08', 12940.21, 13646.95, '2023-08-02', '2023-08-16', 'selesai'),
('PN-KBN-08-1-2309', 'KBN-08-1', 'PKS-C-08', 13162.18, 12607.62, '2023-09-06', '2023-09-17', 'selesai'),
('PN-KBN-08-3-2309', 'KBN-08-3', 'PKS-C-08', 9727.23, 10004.11, '2023-09-06', '2023-09-18', 'selesai'),
('PN-KBN-08-1-2310', 'KBN-08-1', 'PKS-C-08', 12514.87, 12575.33, '2023-10-05', '2023-10-20', 'selesai'),
('PN-KBN-08-3-2310', 'KBN-08-3', 'PKS-C-08', 9681.77, 0.0, '2023-10-04', '2023-10-09', 'tertunda'),
('PN-KBN-08-1-2311', 'KBN-08-1', 'PKS-C-08', 11109.28, 10626.77, '2023-11-06', '2023-11-14', 'selesai'),
('PN-KBN-08-3-2311', 'KBN-08-3', 'PKS-C-08', 11598.28, 0.0, '2023-11-04', '2023-11-16', 'tertunda'),
('PN-KBN-08-1-2312', 'KBN-08-1', 'PKS-C-08', 13281.43, 12827.83, '2023-12-04', '2023-12-11', 'selesai'),
('PN-KBN-08-3-2312', 'KBN-08-3', 'PKS-C-08', 10691.59, 10765.19, '2023-12-06', '2023-12-16', 'selesai'),
('PN-KBN-08-1-2401', 'KBN-08-1', 'PKS-C-08', 13499.62, 13262.16, '2024-01-05', '2024-01-18', 'selesai'),
('PN-KBN-08-3-2401', 'KBN-08-3', 'PKS-C-08', 12721.61, 0.0, '2024-01-06', '2024-01-11', 'tertunda'),
('PN-KBN-08-1-2402', 'KBN-08-1', 'PKS-C-08', 10676.72, 11072.81, '2024-02-06', '2024-02-21', 'selesai'),
('PN-KBN-08-3-2402', 'KBN-08-3', 'PKS-C-08', 13974.82, 14593.65, '2024-02-03', '2024-02-08', 'selesai'),
('PN-KBN-08-1-2403', 'KBN-08-1', 'PKS-C-08', 11939.38, 11885.95, '2024-03-06', '2024-03-19', 'selesai'),
('PN-KBN-08-3-2403', 'KBN-08-3', 'PKS-C-08', 10201.16, 9968.07, '2024-03-02', '2024-03-14', 'selesai'),
('PN-KBN-08-1-2404', 'KBN-08-1', 'PKS-C-08', 12463.12, 0.0, '2024-04-05', '2024-04-14', 'tertunda'),
('PN-KBN-08-3-2404', 'KBN-08-3', 'PKS-C-08', 10522.74, 10664.18, '2024-04-02', '2024-04-12', 'selesai'),
('PN-KBN-08-1-2405', 'KBN-08-1', 'PKS-C-08', 13961.34, 14446.63, '2024-05-02', '2024-05-11', 'selesai'),
('PN-KBN-08-3-2405', 'KBN-08-3', 'PKS-C-08', 12272.61, 12567.42, '2024-05-06', '2024-05-18', 'selesai'),
('PN-KBN-08-1-2406', 'KBN-08-1', 'PKS-C-08', 11809.44, 11969.81, '2024-06-04', '2024-06-15', 'selesai'),
('PN-KBN-08-3-2406', 'KBN-08-3', 'PKS-C-08', 11395.24, 11392.22, '2024-06-03', '2024-06-12', 'selesai'),
('PN-KBN-08-1-2407', 'KBN-08-1', 'PKS-C-08', 11461.63, 5820.74, '2024-07-05', '2024-07-12', 'selesai'),
('PN-KBN-08-3-2407', 'KBN-08-3', 'PKS-C-08', 13374.96, 8688.83, '2024-07-03', '2024-07-11', 'selesai'),
('PN-KBN-08-1-2408', 'KBN-08-1', 'PKS-C-08', 14016.56, 15041.58, '2024-08-06', '2024-08-18', 'selesai'),
('PN-KBN-08-3-2408', 'KBN-08-3', 'PKS-C-08', 13241.31, 13991.07, '2024-08-03', '2024-08-13', 'selesai'),
('PN-KBN-08-1-2409', 'KBN-08-1', 'PKS-C-08', 11962.93, 6653.1, '2024-09-02', '2024-09-10', 'selesai'),
('PN-KBN-08-3-2409', 'KBN-08-3', 'PKS-C-08', 13935.51, 14103.33, '2024-09-03', '2024-09-16', 'selesai'),
('PN-KBN-08-1-2410', 'KBN-08-1', 'PKS-C-08', 10189.65, 10038.16, '2024-10-03', '2024-10-13', 'selesai'),
('PN-KBN-08-3-2410', 'KBN-08-3', 'PKS-C-08', 10014.77, 10194.33, '2024-10-04', '2024-10-09', 'selesai'),
('PN-KBN-08-1-2411', 'KBN-08-1', 'PKS-C-08', 14183.12, 14740.12, '2024-11-02', '2024-11-17', 'selesai'),
('PN-KBN-08-3-2411', 'KBN-08-3', 'PKS-C-08', 12632.62, 7749.47, '2024-11-06', '2024-11-13', 'selesai'),
('PN-KBN-08-1-2412', 'KBN-08-1', 'PKS-C-08', 12475.2, 12712.85, '2024-12-03', '2024-12-15', 'selesai'),
('PN-KBN-08-3-2412', 'KBN-08-3', 'PKS-C-08', 10351.19, 11298.77, '2024-12-06', '2024-12-13', 'selesai'),
('PN-KBN-08-1-2501', 'KBN-08-1', 'PKS-C-08', 10974.33, 11994.37, '2025-01-03', '2025-01-11', 'selesai'),
('PN-KBN-08-3-2501', 'KBN-08-3', 'PKS-C-08', 13016.02, 13776.74, '2025-01-06', '2025-01-12', 'selesai'),
('PN-KBN-08-1-2502', 'KBN-08-1', 'PKS-C-08', 10360.77, 9859.84, '2025-02-05', '2025-02-13', 'selesai'),
('PN-KBN-08-3-2502', 'KBN-08-3', 'PKS-C-08', 11805.6, 11786.0, '2025-02-05', '2025-02-10', 'selesai'),
('PN-KBN-08-1-2503', 'KBN-08-1', 'PKS-C-08', 11187.7, 11360.78, '2025-03-02', '2025-03-14', 'selesai'),
('PN-KBN-08-3-2503', 'KBN-08-3', 'PKS-C-08', 11135.22, 11294.43, '2025-03-03', '2025-03-11', 'selesai'),
('PN-KBN-08-1-2504', 'KBN-08-1', 'PKS-C-08', 14160.26, 14387.58, '2025-04-05', '2025-04-11', 'selesai'),
('PN-KBN-08-3-2504', 'KBN-08-3', 'PKS-C-08', 12404.54, 11879.29, '2025-04-03', '2025-04-18', 'selesai'),
('PN-KBN-08-1-2505', 'KBN-08-1', 'PKS-C-08', 13124.14, 14319.55, '2025-05-04', '2025-05-10', 'selesai'),
('PN-KBN-08-3-2505', 'KBN-08-3', 'PKS-C-08', 11265.09, 8704.35, '2025-05-06', '2025-05-14', 'selesai'),
('PN-KBN-08-1-2506', 'KBN-08-1', 'PKS-C-08', 13869.22, 13716.06, '2025-06-03', '2025-06-11', 'selesai'),
('PN-KBN-08-3-2506', 'KBN-08-3', 'PKS-C-08', 11763.8, 12589.87, '2025-06-06', '2025-06-17', 'selesai'),
('PN-KBN-08-1-2507', 'KBN-08-1', 'PKS-C-08', 12827.57, 0.0, '2025-07-06', '2025-07-19', 'tertunda'),
('PN-KBN-08-3-2507', 'KBN-08-3', 'PKS-C-08', 13380.91, 14117.08, '2025-07-03', '2025-07-15', 'selesai'),
('PN-KBN-08-1-2508', 'KBN-08-1', 'PKS-C-08', 10349.27, 10080.16, '2025-08-06', '2025-08-13', 'selesai'),
('PN-KBN-08-3-2508', 'KBN-08-3', 'PKS-C-08', 10106.71, 10138.04, '2025-08-06', '2025-08-14', 'selesai'),
('PN-KBN-08-1-2509', 'KBN-08-1', 'PKS-C-08', 11123.3, 11516.71, '2025-09-05', '2025-09-11', 'selesai'),
('PN-KBN-08-3-2509', 'KBN-08-3', 'PKS-C-08', 13401.73, 14013.62, '2025-09-02', '2025-09-15', 'selesai'),
('PN-KBN-08-1-2510', 'KBN-08-1', 'PKS-C-08', 14522.91, 15493.22, '2025-10-05', '2025-10-19', 'selesai'),
('PN-KBN-08-3-2510', 'KBN-08-3', 'PKS-C-08', 13514.38, 12903.81, '2025-10-05', '2025-10-17', 'selesai'),
('PN-KBN-08-1-2511', 'KBN-08-1', 'PKS-C-08', 10617.21, 11295.84, '2025-11-03', '2025-11-08', 'selesai'),
('PN-KBN-08-3-2511', 'KBN-08-3', 'PKS-C-08', 13267.9, 14410.39, '2025-11-06', '2025-11-19', 'selesai'),
('PN-KBN-08-1-2512', 'KBN-08-1', 'PKS-C-08', 11423.21, 9009.86, '2025-12-06', '2025-12-15', 'selesai'),
('PN-KBN-08-3-2512', 'KBN-08-3', 'PKS-C-08', 12220.02, 12153.73, '2025-12-02', '2025-12-17', 'selesai'),
('PN-KBN-08-1-2601', 'KBN-08-1', 'PKS-C-08', 10790.19, 10772.74, '2026-01-05', '2026-01-15', 'selesai'),
('PN-KBN-08-3-2601', 'KBN-08-3', 'PKS-C-08', 10242.09, 10890.23, '2026-01-03', '2026-01-14', 'selesai'),
('PN-KBN-08-1-2602', 'KBN-08-1', 'PKS-C-08', 13084.63, 13494.93, '2026-02-06', '2026-02-14', 'selesai'),
('PN-KBN-08-3-2602', 'KBN-08-3', 'PKS-C-08', 11434.68, 11565.49, '2026-02-06', '2026-02-11', 'selesai'),
('PN-KBN-08-1-2603', 'KBN-08-1', 'PKS-C-08', 14050.5, 13645.36, '2026-03-03', '2026-03-18', 'selesai'),
('PN-KBN-08-3-2603', 'KBN-08-3', 'PKS-C-08', 10827.3, 10490.67, '2026-03-03', '2026-03-18', 'selesai'),
('PN-KBN-08-1-2604', 'KBN-08-1', 'PKS-C-08', 13713.0, 13805.19, '2026-04-06', '2026-04-17', 'selesai'),
('PN-KBN-08-3-2604', 'KBN-08-3', 'PKS-C-08', 11097.17, 10723.41, '2026-04-04', '2026-04-11', 'selesai');
