-- SCHEMA POSTGRESQL: c-09-meranti
CREATE SCHEMA IF NOT EXISTS "c-09-meranti";
SET search_path TO "c-09-meranti";

CREATE TABLE IF NOT EXISTS perusahaan_c (kode_perusahaan VARCHAR(20) PRIMARY KEY, nama VARCHAR(100), wilayah_kode VARCHAR(10), kapasitas_ton_per_jam NUMERIC(10,2));
CREATE TABLE IF NOT EXISTS karyawan_c (id SERIAL PRIMARY KEY, kode_perusahaan VARCHAR(20), nama VARCHAR(100), jabatan VARCHAR(50), aktif BOOLEAN);
CREATE TABLE IF NOT EXISTS varietas (id_varietas VARCHAR(10) PRIMARY KEY, nama_varietas VARCHAR(50), produsen VARCHAR(50), potensi_cpo DECIMAL(4,2), tahan_ganoderma VARCHAR(20), rerata_tandan_kg DECIMAL(4,2));
CREATE TABLE IF NOT EXISTS lahan (lahan_id VARCHAR(20) PRIMARY KEY, kode_perusahaan VARCHAR(20), nama_lahan VARCHAR(100), wilayah_kode VARCHAR(10), luas_ha NUMERIC(10,2), tahun_tanam SMALLINT, varietas_id VARCHAR(20), status_lahan VARCHAR(20));
CREATE TABLE IF NOT EXISTS laporan (id_laporan VARCHAR(30) PRIMARY KEY, kode_perusahaan VARCHAR(20), tgl_laporan DATE, produksi NUMERIC(12,2), luas_ha NUMERIC(10,2), stok_akhir_tahun NUMERIC(12,2), penjualan_ton NUMERIC(12,2));
CREATE TABLE IF NOT EXISTS target_panen (target_id VARCHAR(30) PRIMARY KEY, lahan_id VARCHAR(20), kode_perusahaan VARCHAR(20), target_panen NUMERIC(12,2), realisasi_panen NUMERIC(12,2), tgl_mulai DATE, tgl_selesai DATE, status VARCHAR(20));

INSERT INTO perusahaan_c VALUES ('PKS-C-09', 'PT Meranti Jaya', '1410', 25);
INSERT INTO karyawan_c (kode_perusahaan, nama, jabatan, aktif) VALUES
('PKS-C-09', 'Aminah Sari', 'Mandor', TRUE),
('PKS-C-09', 'Emil Laila', 'Operator', TRUE),
('PKS-C-09', 'Nur Hamzah', 'Security', TRUE),
('PKS-C-09', 'Emil Ismail', 'Mandor', FALSE),
('PKS-C-09', 'Siti Syafiq', 'Mekanik', FALSE),
('PKS-C-09', 'Hasan Rahman', 'Operator', TRUE),
('PKS-C-09', 'Emil Sari', 'Operator', FALSE),
('PKS-C-09', 'Dahnil Sari', 'Mekanik', FALSE),
('PKS-C-09', 'Emil Ismail', 'Mekanik', TRUE),
('PKS-C-09', 'Aminah Ali', 'Supervisor', FALSE);
INSERT INTO varietas VALUES
('V-01', 'DxP PPKS 540', 'PPKS', 8.5, 'Tinggi', 16.5),
('V-02', 'DxP Simalungun', 'PPKS', 7.8, 'Sedang', 18.2),
('V-03', 'DxP Yangambi', 'Socfindo', 8.2, 'Rentan', 15.0);
INSERT INTO lahan VALUES
('KBN-09-1', 'PKS-C-09', 'Kebun Afdeling 1', '1410', 1960.73, 2013, 'V-03', 'produktif'),
('KBN-09-2', 'PKS-C-09', 'Kebun Afdeling 2', '1410', 543.24, 2017, 'V-03', 'produktif'),
('KBN-09-3', 'PKS-C-09', 'Kebun Afdeling 3', '1410', 1996.03, 2016, 'V-03', 'TBM');
INSERT INTO laporan VALUES
('L-PKS-C-09-2301', 'PKS-C-09', '2023-01-01', 6345.62, 4500, 1237.72, 5885.21),
('L-PKS-C-09-2302', 'PKS-C-09', '2023-02-01', 7831.1, 4500, 1886.62, 7182.2),
('L-PKS-C-09-2303', 'PKS-C-09', '2023-03-01', 7525.02, 4500, 2504.85, 6906.79),
('L-PKS-C-09-2304', 'PKS-C-09', '2023-04-01', 9812.11, 4500, 3491.74, 8825.23),
('L-PKS-C-09-2305', 'PKS-C-09', '2023-05-01', 9933.22, 4500, 3916.28, 9508.67),
('L-PKS-C-09-2306', 'PKS-C-09', '2023-06-01', 9813.8, 4500, 4547.08, 9183.0),
('L-PKS-C-09-2307', 'PKS-C-09', '2023-07-01', 8723.91, 4500, 5686.33, 7584.66),
('L-PKS-C-09-2308', 'PKS-C-09', '2023-08-01', 10549.51, 4500, 6287.07, 9948.77),
('L-PKS-C-09-2309', 'PKS-C-09', '2023-09-01', 8129.34, 4500, 7130.87, 7285.53),
('L-PKS-C-09-2310', 'PKS-C-09', '2023-10-01', 9405.37, 4500, 8524.47, 8011.77),
('L-PKS-C-09-2311', 'PKS-C-09', '2023-11-01', 6697.82, 4500, 9222.57, 5999.73),
('L-PKS-C-09-2312', 'PKS-C-09', '2023-12-01', 6609.36, 4500, 10185.02, 5646.9),
('L-PKS-C-09-2401', 'PKS-C-09', '2024-01-01', 7269.19, 4500, 10692.29, 6761.92),
('L-PKS-C-09-2402', 'PKS-C-09', '2024-02-01', 9367.18, 4500, 12074.01, 7985.46),
('L-PKS-C-09-2403', 'PKS-C-09', '2024-03-01', 10190.49, 4500, 13230.76, 9033.75),
('L-PKS-C-09-2404', 'PKS-C-09', '2024-04-01', 9419.72, 4500, 13468.56, 9181.92),
('L-PKS-C-09-2405', 'PKS-C-09', '2024-05-01', 9095.5, 4500, 14365.59, 8198.47),
('L-PKS-C-09-2406', 'PKS-C-09', '2024-06-01', 8735.5, 4500, 15220.87, 7880.22),
('L-PKS-C-09-2407', 'PKS-C-09', '2024-07-01', 12471.33, 4500, 15535.33, 12156.87),
('L-PKS-C-09-2408', 'PKS-C-09', '2024-08-01', 8816.45, 4500, 15723.5, 8628.28),
('L-PKS-C-09-2409', 'PKS-C-09', '2024-09-01', 8118.86, 4500, 16237.13, 7605.22),
('L-PKS-C-09-2410', 'PKS-C-09', '2024-10-01', 9797.89, 4500, 17629.85, 8405.17),
('L-PKS-C-09-2411', 'PKS-C-09', '2024-11-01', 7062.86, 4500, 18558.86, 6133.85),
('L-PKS-C-09-2412', 'PKS-C-09', '2024-12-01', 8256.48, 4500, 18891.36, 7923.99),
('L-PKS-C-09-2501', 'PKS-C-09', '2025-01-01', 7790.69, 4500, 19982.28, 6699.77),
('L-PKS-C-09-2502', 'PKS-C-09', '2025-02-01', 9229.42, 4500, 20275.26, 8936.44),
('L-PKS-C-09-2503', 'PKS-C-09', '2025-03-01', 8544.28, 4500, 21493.63, 7325.9),
('L-PKS-C-09-2504', 'PKS-C-09', '2025-04-01', 11502.56, 4500, 22597.12, 10399.07),
('L-PKS-C-09-2505', 'PKS-C-09', '2025-05-01', 12181.92, 4500, 23439.28, 11339.76),
('L-PKS-C-09-2506', 'PKS-C-09', '2025-06-01', 11698.91, 4500, 24383.46, 10754.73),
('L-PKS-C-09-2507', 'PKS-C-09', '2025-07-01', 9800.27, 4500, 24919.75, 9263.98),
('L-PKS-C-09-2508', 'PKS-C-09', '2025-08-01', 9188.96, 4500, 25438.89, 8669.82),
('L-PKS-C-09-2509', 'PKS-C-09', '2025-09-01', 10516.56, 4500, 26170.8, 9784.65),
('L-PKS-C-09-2510', 'PKS-C-09', '2025-10-01', 10747.56, 4500, 27576.72, 9341.64),
('L-PKS-C-09-2511', 'PKS-C-09', '2025-11-01', 9248.33, 4500, 28802.76, 8022.3),
('L-PKS-C-09-2512', 'PKS-C-09', '2025-12-01', 6850.97, 4500, 29396.22, 6257.5),
('L-PKS-C-09-2601', 'PKS-C-09', '2026-01-01', 8163.57, 4500, 30196.4, 7363.39),
('L-PKS-C-09-2602', 'PKS-C-09', '2026-02-01', 9194.96, 4500, 30786.23, 8605.13),
('L-PKS-C-09-2603', 'PKS-C-09', '2026-03-01', 9507.9, 4500, 31025.7, 9268.43),
('L-PKS-C-09-2604', 'PKS-C-09', '2026-04-01', 11155.62, 4500, 32615.48, 9565.85);
INSERT INTO target_panen VALUES
('PN-KBN-09-1-2301', 'KBN-09-1', 'PKS-C-09', 3552.95, 3781.29, '2023-01-02', '2023-01-15', 'selesai'),
('PN-KBN-09-2-2301', 'KBN-09-2', 'PKS-C-09', 908.58, 992.77, '2023-01-03', '2023-01-15', 'selesai'),
('PN-KBN-09-1-2302', 'KBN-09-1', 'PKS-C-09', 3928.39, 4139.8, '2023-02-02', '2023-02-16', 'selesai'),
('PN-KBN-09-2-2302', 'KBN-09-2', 'PKS-C-09', 1151.42, 1097.06, '2023-02-02', '2023-02-11', 'selesai'),
('PN-KBN-09-1-2303', 'KBN-09-1', 'PKS-C-09', 3511.57, 3433.95, '2023-03-06', '2023-03-20', 'selesai'),
('PN-KBN-09-2-2303', 'KBN-09-2', 'PKS-C-09', 945.69, 946.78, '2023-03-04', '2023-03-19', 'selesai'),
('PN-KBN-09-1-2304', 'KBN-09-1', 'PKS-C-09', 3496.25, 3597.52, '2023-04-05', '2023-04-14', 'selesai'),
('PN-KBN-09-2-2304', 'KBN-09-2', 'PKS-C-09', 1194.77, 1268.41, '2023-04-03', '2023-04-16', 'selesai'),
('PN-KBN-09-1-2305', 'KBN-09-1', 'PKS-C-09', 3017.77, 2923.81, '2023-05-04', '2023-05-14', 'selesai'),
('PN-KBN-09-2-2305', 'KBN-09-2', 'PKS-C-09', 1087.85, 776.36, '2023-05-04', '2023-05-16', 'selesai'),
('PN-KBN-09-1-2306', 'KBN-09-1', 'PKS-C-09', 3670.51, 3910.01, '2023-06-06', '2023-06-20', 'selesai'),
('PN-KBN-09-2-2306', 'KBN-09-2', 'PKS-C-09', 984.64, 998.19, '2023-06-03', '2023-06-15', 'selesai'),
('PN-KBN-09-1-2307', 'KBN-09-1', 'PKS-C-09', 2995.83, 3290.83, '2023-07-02', '2023-07-10', 'selesai'),
('PN-KBN-09-2-2307', 'KBN-09-2', 'PKS-C-09', 1005.8, 1001.89, '2023-07-02', '2023-07-10', 'selesai'),
('PN-KBN-09-1-2308', 'KBN-09-1', 'PKS-C-09', 3565.17, 3562.29, '2023-08-04', '2023-08-15', 'selesai'),
('PN-KBN-09-2-2308', 'KBN-09-2', 'PKS-C-09', 1031.23, 1090.44, '2023-08-05', '2023-08-11', 'selesai'),
('PN-KBN-09-1-2309', 'KBN-09-1', 'PKS-C-09', 3209.13, 3066.88, '2023-09-06', '2023-09-16', 'selesai'),
('PN-KBN-09-2-2309', 'KBN-09-2', 'PKS-C-09', 1104.12, 741.76, '2023-09-06', '2023-09-13', 'selesai'),
('PN-KBN-09-1-2310', 'KBN-09-1', 'PKS-C-09', 3458.05, 3293.49, '2023-10-04', '2023-10-14', 'selesai'),
('PN-KBN-09-2-2310', 'KBN-09-2', 'PKS-C-09', 1087.99, 1064.9, '2023-10-04', '2023-10-16', 'selesai'),
('PN-KBN-09-1-2311', 'KBN-09-1', 'PKS-C-09', 3715.23, 3869.4, '2023-11-05', '2023-11-20', 'selesai'),
('PN-KBN-09-2-2311', 'KBN-09-2', 'PKS-C-09', 872.29, 867.69, '2023-11-06', '2023-11-14', 'selesai'),
('PN-KBN-09-1-2312', 'KBN-09-1', 'PKS-C-09', 3849.38, 4113.25, '2023-12-05', '2023-12-13', 'selesai'),
('PN-KBN-09-2-2312', 'KBN-09-2', 'PKS-C-09', 867.33, 683.21, '2023-12-02', '2023-12-10', 'selesai'),
('PN-KBN-09-1-2401', 'KBN-09-1', 'PKS-C-09', 3807.7, 4178.25, '2024-01-03', '2024-01-11', 'selesai'),
('PN-KBN-09-2-2401', 'KBN-09-2', 'PKS-C-09', 825.2, 554.49, '2024-01-04', '2024-01-12', 'selesai'),
('PN-KBN-09-1-2402', 'KBN-09-1', 'PKS-C-09', 4020.43, 2351.41, '2024-02-02', '2024-02-09', 'selesai'),
('PN-KBN-09-2-2402', 'KBN-09-2', 'PKS-C-09', 1051.43, 1098.64, '2024-02-06', '2024-02-11', 'selesai'),
('PN-KBN-09-1-2403', 'KBN-09-1', 'PKS-C-09', 3581.27, 3494.32, '2024-03-02', '2024-03-12', 'selesai'),
('PN-KBN-09-2-2403', 'KBN-09-2', 'PKS-C-09', 1071.21, 1163.31, '2024-03-03', '2024-03-18', 'selesai'),
('PN-KBN-09-1-2404', 'KBN-09-1', 'PKS-C-09', 4194.57, 4005.2, '2024-04-02', '2024-04-09', 'selesai'),
('PN-KBN-09-2-2404', 'KBN-09-2', 'PKS-C-09', 925.64, 932.68, '2024-04-02', '2024-04-15', 'selesai'),
('PN-KBN-09-1-2405', 'KBN-09-1', 'PKS-C-09', 3932.06, 4317.94, '2024-05-06', '2024-05-14', 'selesai'),
('PN-KBN-09-2-2405', 'KBN-09-2', 'PKS-C-09', 1126.13, 1078.88, '2024-05-02', '2024-05-13', 'selesai'),
('PN-KBN-09-1-2406', 'KBN-09-1', 'PKS-C-09', 3342.56, 2598.73, '2024-06-06', '2024-06-15', 'selesai'),
('PN-KBN-09-2-2406', 'KBN-09-2', 'PKS-C-09', 948.21, 1028.92, '2024-06-02', '2024-06-15', 'selesai'),
('PN-KBN-09-1-2407', 'KBN-09-1', 'PKS-C-09', 3458.19, 3299.06, '2024-07-03', '2024-07-09', 'selesai'),
('PN-KBN-09-2-2407', 'KBN-09-2', 'PKS-C-09', 1118.14, 691.61, '2024-07-06', '2024-07-15', 'selesai'),
('PN-KBN-09-1-2408', 'KBN-09-1', 'PKS-C-09', 3943.77, 3773.06, '2024-08-04', '2024-08-14', 'selesai'),
('PN-KBN-09-2-2408', 'KBN-09-2', 'PKS-C-09', 925.32, 992.51, '2024-08-06', '2024-08-21', 'selesai'),
('PN-KBN-09-1-2409', 'KBN-09-1', 'PKS-C-09', 3022.8, 3125.84, '2024-09-05', '2024-09-17', 'selesai'),
('PN-KBN-09-2-2409', 'KBN-09-2', 'PKS-C-09', 877.89, 904.48, '2024-09-06', '2024-09-15', 'selesai'),
('PN-KBN-09-1-2410', 'KBN-09-1', 'PKS-C-09', 3027.95, 3069.99, '2024-10-06', '2024-10-15', 'selesai'),
('PN-KBN-09-2-2410', 'KBN-09-2', 'PKS-C-09', 947.02, 1027.72, '2024-10-05', '2024-10-16', 'selesai'),
('PN-KBN-09-1-2411', 'KBN-09-1', 'PKS-C-09', 4044.63, 4392.72, '2024-11-02', '2024-11-08', 'selesai'),
('PN-KBN-09-2-2411', 'KBN-09-2', 'PKS-C-09', 1111.09, 1090.0, '2024-11-04', '2024-11-16', 'selesai'),
('PN-KBN-09-1-2412', 'KBN-09-1', 'PKS-C-09', 3017.13, 3068.17, '2024-12-06', '2024-12-19', 'selesai'),
('PN-KBN-09-2-2412', 'KBN-09-2', 'PKS-C-09', 855.81, 854.23, '2024-12-05', '2024-12-14', 'selesai'),
('PN-KBN-09-1-2501', 'KBN-09-1', 'PKS-C-09', 3627.96, 0.0, '2025-01-06', '2025-01-16', 'tertunda'),
('PN-KBN-09-2-2501', 'KBN-09-2', 'PKS-C-09', 1043.28, 0.0, '2025-01-05', '2025-01-16', 'tertunda'),
('PN-KBN-09-1-2502', 'KBN-09-1', 'PKS-C-09', 4117.02, 4410.82, '2025-02-06', '2025-02-16', 'selesai'),
('PN-KBN-09-2-2502', 'KBN-09-2', 'PKS-C-09', 1060.79, 1158.34, '2025-02-02', '2025-02-17', 'selesai'),
('PN-KBN-09-1-2503', 'KBN-09-1', 'PKS-C-09', 3249.03, 3345.6, '2025-03-05', '2025-03-12', 'selesai'),
('PN-KBN-09-2-2503', 'KBN-09-2', 'PKS-C-09', 932.6, 941.22, '2025-03-06', '2025-03-19', 'selesai'),
('PN-KBN-09-1-2504', 'KBN-09-1', 'PKS-C-09', 4309.05, 4310.38, '2025-04-03', '2025-04-14', 'selesai'),
('PN-KBN-09-2-2504', 'KBN-09-2', 'PKS-C-09', 1172.48, 722.13, '2025-04-02', '2025-04-17', 'selesai'),
('PN-KBN-09-1-2505', 'KBN-09-1', 'PKS-C-09', 3217.89, 1947.43, '2025-05-05', '2025-05-14', 'selesai'),
('PN-KBN-09-2-2505', 'KBN-09-2', 'PKS-C-09', 968.35, 1026.62, '2025-05-06', '2025-05-13', 'selesai'),
('PN-KBN-09-1-2506', 'KBN-09-1', 'PKS-C-09', 3196.5, 3196.89, '2025-06-04', '2025-06-16', 'selesai'),
('PN-KBN-09-2-2506', 'KBN-09-2', 'PKS-C-09', 999.69, 1019.21, '2025-06-02', '2025-06-07', 'selesai'),
('PN-KBN-09-1-2507', 'KBN-09-1', 'PKS-C-09', 3862.76, 4226.55, '2025-07-03', '2025-07-13', 'selesai'),
('PN-KBN-09-2-2507', 'KBN-09-2', 'PKS-C-09', 1091.72, 1151.21, '2025-07-05', '2025-07-12', 'selesai'),
('PN-KBN-09-1-2508', 'KBN-09-1', 'PKS-C-09', 3990.99, 4383.16, '2025-08-06', '2025-08-15', 'selesai'),
('PN-KBN-09-2-2508', 'KBN-09-2', 'PKS-C-09', 983.01, 776.14, '2025-08-04', '2025-08-09', 'selesai'),
('PN-KBN-09-1-2509', 'KBN-09-1', 'PKS-C-09', 4310.42, 4356.12, '2025-09-04', '2025-09-16', 'selesai'),
('PN-KBN-09-2-2509', 'KBN-09-2', 'PKS-C-09', 1008.94, 1086.66, '2025-09-02', '2025-09-12', 'selesai'),
('PN-KBN-09-1-2510', 'KBN-09-1', 'PKS-C-09', 3560.26, 3532.31, '2025-10-05', '2025-10-19', 'selesai'),
('PN-KBN-09-2-2510', 'KBN-09-2', 'PKS-C-09', 1002.28, 1076.52, '2025-10-04', '2025-10-19', 'selesai'),
('PN-KBN-09-1-2511', 'KBN-09-1', 'PKS-C-09', 3981.25, 4080.5, '2025-11-04', '2025-11-16', 'selesai'),
('PN-KBN-09-2-2511', 'KBN-09-2', 'PKS-C-09', 869.41, 935.6, '2025-11-06', '2025-11-19', 'selesai'),
('PN-KBN-09-1-2512', 'KBN-09-1', 'PKS-C-09', 3086.31, 3125.62, '2025-12-04', '2025-12-11', 'selesai'),
('PN-KBN-09-2-2512', 'KBN-09-2', 'PKS-C-09', 829.86, 882.32, '2025-12-04', '2025-12-17', 'selesai'),
('PN-KBN-09-1-2601', 'KBN-09-1', 'PKS-C-09', 4061.99, 3976.23, '2026-01-02', '2026-01-09', 'selesai'),
('PN-KBN-09-2-2601', 'KBN-09-2', 'PKS-C-09', 1140.27, 1195.38, '2026-01-02', '2026-01-07', 'selesai'),
('PN-KBN-09-1-2602', 'KBN-09-1', 'PKS-C-09', 3895.58, 2729.07, '2026-02-05', '2026-02-14', 'selesai'),
('PN-KBN-09-2-2602', 'KBN-09-2', 'PKS-C-09', 1106.49, 1098.76, '2026-02-05', '2026-02-16', 'selesai'),
('PN-KBN-09-1-2603', 'KBN-09-1', 'PKS-C-09', 3945.65, 4041.53, '2026-03-02', '2026-03-08', 'selesai'),
('PN-KBN-09-2-2603', 'KBN-09-2', 'PKS-C-09', 961.37, 1018.61, '2026-03-02', '2026-03-11', 'selesai'),
('PN-KBN-09-1-2604', 'KBN-09-1', 'PKS-C-09', 3324.38, 2413.57, '2026-04-06', '2026-04-17', 'selesai'),
('PN-KBN-09-2-2604', 'KBN-09-2', 'PKS-C-09', 1179.44, 1143.43, '2026-04-03', '2026-04-09', 'selesai');
