-- SCHEMA POSTGRESQL: c-07-bengkalis
CREATE SCHEMA IF NOT EXISTS "c-07-bengkalis";
SET search_path TO "c-07-bengkalis";

CREATE TABLE IF NOT EXISTS perusahaan_c (kode_perusahaan VARCHAR(20) PRIMARY KEY, nama VARCHAR(100), wilayah_kode VARCHAR(10), kapasitas_ton_per_jam NUMERIC(10,2));
CREATE TABLE IF NOT EXISTS karyawan_c (id SERIAL PRIMARY KEY, kode_perusahaan VARCHAR(20), nama VARCHAR(100), jabatan VARCHAR(50), aktif BOOLEAN);
CREATE TABLE IF NOT EXISTS varietas (id_varietas VARCHAR(10) PRIMARY KEY, nama_varietas VARCHAR(50), produsen VARCHAR(50), potensi_cpo DECIMAL(4,2), tahan_ganoderma VARCHAR(20), rerata_tandan_kg DECIMAL(4,2));
CREATE TABLE IF NOT EXISTS lahan (lahan_id VARCHAR(20) PRIMARY KEY, kode_perusahaan VARCHAR(20), nama_lahan VARCHAR(100), wilayah_kode VARCHAR(10), luas_ha NUMERIC(10,2), tahun_tanam SMALLINT, varietas_id VARCHAR(20), status_lahan VARCHAR(20));
CREATE TABLE IF NOT EXISTS laporan (id_laporan VARCHAR(30) PRIMARY KEY, kode_perusahaan VARCHAR(20), tgl_laporan DATE, produksi NUMERIC(12,2), luas_ha NUMERIC(10,2), stok_akhir_tahun NUMERIC(12,2), penjualan_ton NUMERIC(12,2));
CREATE TABLE IF NOT EXISTS target_panen (target_id VARCHAR(30) PRIMARY KEY, lahan_id VARCHAR(20), kode_perusahaan VARCHAR(20), target_panen NUMERIC(12,2), realisasi_panen NUMERIC(12,2), tgl_mulai DATE, tgl_selesai DATE, status VARCHAR(20));

INSERT INTO perusahaan_c VALUES ('PKS-C-07', 'CV Bengkalis Sawit', '1408', 30);
INSERT INTO karyawan_c (kode_perusahaan, nama, jabatan, aktif) VALUES
('PKS-C-07', 'Siti Siddiq', 'Supervisor', TRUE),
('PKS-C-07', 'Jamal Syafiq', 'Manager', FALSE),
('PKS-C-07', 'Ihsan Siddiq', 'Mekanik', TRUE),
('PKS-C-07', 'Ihsan Abdullah', 'Supervisor', TRUE),
('PKS-C-07', 'Ghazali Laila', 'Security', FALSE),
('PKS-C-07', 'Ihsan Hasan', 'Mekanik', FALSE),
('PKS-C-07', 'Dahnil Sari', 'Manager', TRUE),
('PKS-C-07', 'Aminah Syafiq', 'Operator', FALSE),
('PKS-C-07', 'Hasan Siddiq', 'Operator', TRUE),
('PKS-C-07', 'Nur Laila', 'Security', TRUE);
INSERT INTO varietas VALUES
('V-01', 'DxP PPKS 540', 'PPKS', 8.5, 'Tinggi', 16.5),
('V-02', 'DxP Simalungun', 'PPKS', 7.8, 'Sedang', 18.2),
('V-03', 'DxP Yangambi', 'Socfindo', 8.2, 'Rentan', 15.0);
INSERT INTO lahan VALUES
('KBN-07-1', 'PKS-C-07', 'Kebun Afdeling 1', '1408', 3067.51, 2010, 'V-02', 'produktif'),
('KBN-07-2', 'PKS-C-07', 'Kebun Afdeling 2', '1408', 636.8, 2013, 'V-01', 'replanting'),
('KBN-07-3', 'PKS-C-07', 'Kebun Afdeling 3', '1408', 2495.69, 2020, 'V-03', 'produktif');
INSERT INTO laporan VALUES
('L-PKS-C-07-2301', 'PKS-C-07', '2023-01-01', 8445.13, 6200, 1111.44, 7848.29),
('L-PKS-C-07-2302', 'PKS-C-07', '2023-02-01', 11787.44, 6200, 2578.23, 10320.65),
('L-PKS-C-07-2303', 'PKS-C-07', '2023-03-01', 10548.93, 6200, 3876.17, 9250.99),
('L-PKS-C-07-2304', 'PKS-C-07', '2023-04-01', 14447.48, 6200, 4910.49, 13413.15),
('L-PKS-C-07-2305', 'PKS-C-07', '2023-05-01', 13089.36, 6200, 5680.09, 12319.76),
('L-PKS-C-07-2306', 'PKS-C-07', '2023-06-01', 11964.99, 6200, 6443.96, 11201.13),
('L-PKS-C-07-2307', 'PKS-C-07', '2023-07-01', 16211.54, 6200, 7976.44, 14679.06),
('L-PKS-C-07-2308', 'PKS-C-07', '2023-08-01', 14056.36, 6200, 8466.15, 13566.64),
('L-PKS-C-07-2309', 'PKS-C-07', '2023-09-01', 15885.85, 6200, 10667.71, 13684.29),
('L-PKS-C-07-2310', 'PKS-C-07', '2023-10-01', 11293.49, 6200, 11516.25, 10444.95),
('L-PKS-C-07-2311', 'PKS-C-07', '2023-11-01', 9518.07, 6200, 12003.88, 9030.44),
('L-PKS-C-07-2312', 'PKS-C-07', '2023-12-01', 10833.11, 6200, 13401.04, 9435.95),
('L-PKS-C-07-2401', 'PKS-C-07', '2024-01-01', 8627.49, 6200, 13651.06, 8377.47),
('L-PKS-C-07-2402', 'PKS-C-07', '2024-02-01', 9507.26, 6200, 14734.99, 8423.33),
('L-PKS-C-07-2403', 'PKS-C-07', '2024-03-01', 10592.68, 6200, 16312.75, 9014.92),
('L-PKS-C-07-2404', 'PKS-C-07', '2024-04-01', 13325.71, 6200, 18108.15, 11530.31),
('L-PKS-C-07-2405', 'PKS-C-07', '2024-05-01', 14679.12, 6200, 20305.79, 12481.49),
('L-PKS-C-07-2406', 'PKS-C-07', '2024-06-01', 12023.13, 6200, 22065.39, 10263.53),
('L-PKS-C-07-2407', 'PKS-C-07', '2024-07-01', 14291.17, 6200, 22974.89, 13381.68),
('L-PKS-C-07-2408', 'PKS-C-07', '2024-08-01', 15565.44, 6200, 23948.05, 14592.28),
('L-PKS-C-07-2409', 'PKS-C-07', '2024-09-01', 11564.7, 6200, 24566.96, 10945.79),
('L-PKS-C-07-2410', 'PKS-C-07', '2024-10-01', 10957.47, 6200, 25733.98, 9790.45),
('L-PKS-C-07-2411', 'PKS-C-07', '2024-11-01', 13237.87, 6200, 26425.63, 12546.22),
('L-PKS-C-07-2412', 'PKS-C-07', '2024-12-01', 10939.11, 6200, 27072.14, 10292.61),
('L-PKS-C-07-2501', 'PKS-C-07', '2025-01-01', 8610.73, 6200, 27872.29, 7810.57),
('L-PKS-C-07-2502', 'PKS-C-07', '2025-02-01', 10686.21, 6200, 28995.19, 9563.31),
('L-PKS-C-07-2503', 'PKS-C-07', '2025-03-01', 14945.06, 6200, 30773.87, 13166.38),
('L-PKS-C-07-2504', 'PKS-C-07', '2025-04-01', 15016.64, 6200, 32337.42, 13453.09),
('L-PKS-C-07-2505', 'PKS-C-07', '2025-05-01', 11753.44, 6200, 32679.98, 11410.88),
('L-PKS-C-07-2506', 'PKS-C-07', '2025-06-01', 16967.21, 6200, 34648.64, 14998.55),
('L-PKS-C-07-2507', 'PKS-C-07', '2025-07-01', 14994.18, 6200, 36435.39, 13207.43),
('L-PKS-C-07-2508', 'PKS-C-07', '2025-08-01', 11937.6, 6200, 37849.43, 10523.56),
('L-PKS-C-07-2509', 'PKS-C-07', '2025-09-01', 13626.97, 6200, 38477.3, 12999.1),
('L-PKS-C-07-2510', 'PKS-C-07', '2025-10-01', 12393.71, 6200, 39579.2, 11291.81),
('L-PKS-C-07-2511', 'PKS-C-07', '2025-11-01', 11175.69, 6200, 40160.14, 10594.75),
('L-PKS-C-07-2512', 'PKS-C-07', '2025-12-01', 8957.14, 6200, 41096.06, 8021.22),
('L-PKS-C-07-2601', 'PKS-C-07', '2026-01-01', 10793.51, 6200, 41350.87, 10538.7),
('L-PKS-C-07-2602', 'PKS-C-07', '2026-02-01', 10941.93, 6200, 42537.26, 9755.54),
('L-PKS-C-07-2603', 'PKS-C-07', '2026-03-01', 13534.03, 6200, 44058.82, 12012.46),
('L-PKS-C-07-2604', 'PKS-C-07', '2026-04-01', 15563.5, 6200, 45868.45, 13753.87);
INSERT INTO target_panen VALUES
('PN-KBN-07-1-2301', 'KBN-07-1', 'PKS-C-07', 5557.58, 5457.89, '2023-01-05', '2023-01-20', 'selesai'),
('PN-KBN-07-3-2301', 'KBN-07-3', 'PKS-C-07', 3754.56, 3981.38, '2023-01-03', '2023-01-16', 'selesai'),
('PN-KBN-07-1-2302', 'KBN-07-1', 'PKS-C-07', 5642.16, 5509.31, '2023-02-06', '2023-02-18', 'selesai'),
('PN-KBN-07-3-2302', 'KBN-07-3', 'PKS-C-07', 4258.43, 4470.31, '2023-02-03', '2023-02-14', 'selesai'),
('PN-KBN-07-1-2303', 'KBN-07-1', 'PKS-C-07', 5265.07, 2851.11, '2023-03-05', '2023-03-18', 'selesai'),
('PN-KBN-07-3-2303', 'KBN-07-3', 'PKS-C-07', 5339.65, 0.0, '2023-03-04', '2023-03-12', 'tertunda'),
('PN-KBN-07-1-2304', 'KBN-07-1', 'PKS-C-07', 5247.43, 5377.76, '2023-04-03', '2023-04-16', 'selesai'),
('PN-KBN-07-3-2304', 'KBN-07-3', 'PKS-C-07', 4543.48, 4390.95, '2023-04-02', '2023-04-08', 'selesai'),
('PN-KBN-07-1-2305', 'KBN-07-1', 'PKS-C-07', 4758.66, 4599.11, '2023-05-06', '2023-05-21', 'selesai'),
('PN-KBN-07-3-2305', 'KBN-07-3', 'PKS-C-07', 4447.87, 2813.78, '2023-05-06', '2023-05-16', 'selesai'),
('PN-KBN-07-1-2306', 'KBN-07-1', 'PKS-C-07', 5103.0, 5598.06, '2023-06-06', '2023-06-11', 'selesai'),
('PN-KBN-07-3-2306', 'KBN-07-3', 'PKS-C-07', 4804.89, 4851.31, '2023-06-04', '2023-06-19', 'selesai'),
('PN-KBN-07-1-2307', 'KBN-07-1', 'PKS-C-07', 5016.89, 5353.8, '2023-07-04', '2023-07-19', 'selesai'),
('PN-KBN-07-3-2307', 'KBN-07-3', 'PKS-C-07', 4983.01, 0.0, '2023-07-02', '2023-07-10', 'tertunda'),
('PN-KBN-07-1-2308', 'KBN-07-1', 'PKS-C-07', 5347.69, 5278.37, '2023-08-02', '2023-08-09', 'selesai'),
('PN-KBN-07-3-2308', 'KBN-07-3', 'PKS-C-07', 4156.92, 4121.36, '2023-08-02', '2023-08-08', 'selesai'),
('PN-KBN-07-1-2309', 'KBN-07-1', 'PKS-C-07', 6549.94, 6752.71, '2023-09-02', '2023-09-16', 'selesai'),
('PN-KBN-07-3-2309', 'KBN-07-3', 'PKS-C-07', 4258.04, 4487.86, '2023-09-02', '2023-09-16', 'selesai'),
('PN-KBN-07-1-2310', 'KBN-07-1', 'PKS-C-07', 4762.08, 5041.79, '2023-10-04', '2023-10-16', 'selesai'),
('PN-KBN-07-3-2310', 'KBN-07-3', 'PKS-C-07', 3923.11, 3743.88, '2023-10-03', '2023-10-12', 'selesai'),
('PN-KBN-07-1-2311', 'KBN-07-1', 'PKS-C-07', 4707.32, 4925.28, '2023-11-06', '2023-11-18', 'selesai'),
('PN-KBN-07-3-2311', 'KBN-07-3', 'PKS-C-07', 4472.75, 4625.8, '2023-11-06', '2023-11-14', 'selesai'),
('PN-KBN-07-1-2312', 'KBN-07-1', 'PKS-C-07', 5709.88, 5946.02, '2023-12-06', '2023-12-13', 'selesai'),
('PN-KBN-07-3-2312', 'KBN-07-3', 'PKS-C-07', 4611.29, 4699.16, '2023-12-05', '2023-12-11', 'selesai'),
('PN-KBN-07-1-2401', 'KBN-07-1', 'PKS-C-07', 5355.2, 5749.72, '2024-01-02', '2024-01-11', 'selesai'),
('PN-KBN-07-3-2401', 'KBN-07-3', 'PKS-C-07', 5436.62, 5772.73, '2024-01-03', '2024-01-18', 'selesai'),
('PN-KBN-07-1-2402', 'KBN-07-1', 'PKS-C-07', 5106.24, 5013.6, '2024-02-03', '2024-02-09', 'selesai'),
('PN-KBN-07-3-2402', 'KBN-07-3', 'PKS-C-07', 4703.29, 4797.4, '2024-02-02', '2024-02-07', 'selesai'),
('PN-KBN-07-1-2403', 'KBN-07-1', 'PKS-C-07', 6720.59, 3573.73, '2024-03-04', '2024-03-16', 'selesai'),
('PN-KBN-07-3-2403', 'KBN-07-3', 'PKS-C-07', 4110.23, 4258.79, '2024-03-05', '2024-03-18', 'selesai'),
('PN-KBN-07-1-2404', 'KBN-07-1', 'PKS-C-07', 5770.53, 5487.96, '2024-04-02', '2024-04-10', 'selesai'),
('PN-KBN-07-3-2404', 'KBN-07-3', 'PKS-C-07', 4309.62, 4402.26, '2024-04-05', '2024-04-16', 'selesai'),
('PN-KBN-07-1-2405', 'KBN-07-1', 'PKS-C-07', 5238.2, 5088.38, '2024-05-02', '2024-05-13', 'selesai'),
('PN-KBN-07-3-2405', 'KBN-07-3', 'PKS-C-07', 4323.65, 4658.38, '2024-05-06', '2024-05-11', 'selesai'),
('PN-KBN-07-1-2406', 'KBN-07-1', 'PKS-C-07', 5258.97, 5149.95, '2024-06-05', '2024-06-18', 'selesai'),
('PN-KBN-07-3-2406', 'KBN-07-3', 'PKS-C-07', 4998.95, 5335.49, '2024-06-06', '2024-06-14', 'selesai'),
('PN-KBN-07-1-2407', 'KBN-07-1', 'PKS-C-07', 5028.39, 3580.86, '2024-07-02', '2024-07-10', 'selesai'),
('PN-KBN-07-3-2407', 'KBN-07-3', 'PKS-C-07', 5357.66, 3228.21, '2024-07-03', '2024-07-14', 'selesai'),
('PN-KBN-07-1-2408', 'KBN-07-1', 'PKS-C-07', 6379.24, 6168.46, '2024-08-03', '2024-08-13', 'selesai'),
('PN-KBN-07-3-2408', 'KBN-07-3', 'PKS-C-07', 4505.74, 4615.21, '2024-08-04', '2024-08-16', 'selesai'),
('PN-KBN-07-1-2409', 'KBN-07-1', 'PKS-C-07', 5526.8, 5963.92, '2024-09-05', '2024-09-11', 'selesai'),
('PN-KBN-07-3-2409', 'KBN-07-3', 'PKS-C-07', 4116.65, 0.0, '2024-09-03', '2024-09-15', 'tertunda'),
('PN-KBN-07-1-2410', 'KBN-07-1', 'PKS-C-07', 5163.65, 5492.58, '2024-10-03', '2024-10-14', 'selesai'),
('PN-KBN-07-3-2410', 'KBN-07-3', 'PKS-C-07', 4077.92, 3939.19, '2024-10-04', '2024-10-10', 'selesai'),
('PN-KBN-07-1-2411', 'KBN-07-1', 'PKS-C-07', 5655.2, 5915.43, '2024-11-03', '2024-11-13', 'selesai'),
('PN-KBN-07-3-2411', 'KBN-07-3', 'PKS-C-07', 4434.65, 4445.54, '2024-11-04', '2024-11-12', 'selesai'),
('PN-KBN-07-1-2412', 'KBN-07-1', 'PKS-C-07', 5034.14, 4960.84, '2024-12-02', '2024-12-12', 'selesai'),
('PN-KBN-07-3-2412', 'KBN-07-3', 'PKS-C-07', 4404.7, 4601.76, '2024-12-04', '2024-12-19', 'selesai'),
('PN-KBN-07-1-2501', 'KBN-07-1', 'PKS-C-07', 5465.49, 5929.58, '2025-01-06', '2025-01-21', 'selesai'),
('PN-KBN-07-3-2501', 'KBN-07-3', 'PKS-C-07', 3752.96, 3710.13, '2025-01-05', '2025-01-10', 'selesai'),
('PN-KBN-07-1-2502', 'KBN-07-1', 'PKS-C-07', 5928.5, 5709.39, '2025-02-05', '2025-02-18', 'selesai'),
('PN-KBN-07-3-2502', 'KBN-07-3', 'PKS-C-07', 3828.5, 3760.51, '2025-02-04', '2025-02-13', 'selesai'),
('PN-KBN-07-1-2503', 'KBN-07-1', 'PKS-C-07', 5170.87, 5297.85, '2025-03-05', '2025-03-18', 'selesai'),
('PN-KBN-07-3-2503', 'KBN-07-3', 'PKS-C-07', 3909.55, 4184.36, '2025-03-02', '2025-03-10', 'selesai'),
('PN-KBN-07-1-2504', 'KBN-07-1', 'PKS-C-07', 4653.59, 3555.73, '2025-04-04', '2025-04-09', 'selesai'),
('PN-KBN-07-3-2504', 'KBN-07-3', 'PKS-C-07', 4548.13, 4334.31, '2025-04-03', '2025-04-13', 'selesai'),
('PN-KBN-07-1-2505', 'KBN-07-1', 'PKS-C-07', 6719.22, 7330.62, '2025-05-04', '2025-05-17', 'selesai'),
('PN-KBN-07-3-2505', 'KBN-07-3', 'PKS-C-07', 3829.64, 3795.06, '2025-05-06', '2025-05-18', 'selesai'),
('PN-KBN-07-1-2506', 'KBN-07-1', 'PKS-C-07', 4900.84, 3635.21, '2025-06-05', '2025-06-13', 'selesai'),
('PN-KBN-07-3-2506', 'KBN-07-3', 'PKS-C-07', 5071.52, 5317.11, '2025-06-06', '2025-06-14', 'selesai'),
('PN-KBN-07-1-2507', 'KBN-07-1', 'PKS-C-07', 5346.24, 5690.52, '2025-07-05', '2025-07-13', 'selesai'),
('PN-KBN-07-3-2507', 'KBN-07-3', 'PKS-C-07', 5181.05, 3223.28, '2025-07-06', '2025-07-19', 'selesai'),
('PN-KBN-07-1-2508', 'KBN-07-1', 'PKS-C-07', 5681.74, 5968.96, '2025-08-05', '2025-08-11', 'selesai'),
('PN-KBN-07-3-2508', 'KBN-07-3', 'PKS-C-07', 3765.68, 2288.63, '2025-08-03', '2025-08-09', 'selesai'),
('PN-KBN-07-1-2509', 'KBN-07-1', 'PKS-C-07', 6504.46, 4484.0, '2025-09-02', '2025-09-15', 'selesai'),
('PN-KBN-07-3-2509', 'KBN-07-3', 'PKS-C-07', 4383.1, 2312.46, '2025-09-04', '2025-09-09', 'selesai'),
('PN-KBN-07-1-2510', 'KBN-07-1', 'PKS-C-07', 5436.26, 5462.11, '2025-10-06', '2025-10-17', 'selesai'),
('PN-KBN-07-3-2510', 'KBN-07-3', 'PKS-C-07', 4623.02, 4772.49, '2025-10-02', '2025-10-11', 'selesai'),
('PN-KBN-07-1-2511', 'KBN-07-1', 'PKS-C-07', 4604.78, 0.0, '2025-11-03', '2025-11-08', 'tertunda'),
('PN-KBN-07-3-2511', 'KBN-07-3', 'PKS-C-07', 4265.46, 4490.8, '2025-11-06', '2025-11-14', 'selesai'),
('PN-KBN-07-1-2512', 'KBN-07-1', 'PKS-C-07', 4738.39, 4678.4, '2025-12-05', '2025-12-18', 'selesai'),
('PN-KBN-07-3-2512', 'KBN-07-3', 'PKS-C-07', 4871.39, 3324.74, '2025-12-06', '2025-12-14', 'selesai'),
('PN-KBN-07-1-2601', 'KBN-07-1', 'PKS-C-07', 5029.96, 4846.07, '2026-01-06', '2026-01-13', 'selesai'),
('PN-KBN-07-3-2601', 'KBN-07-3', 'PKS-C-07', 4707.1, 4906.12, '2026-01-02', '2026-01-08', 'selesai'),
('PN-KBN-07-1-2602', 'KBN-07-1', 'PKS-C-07', 4661.15, 4774.12, '2026-02-03', '2026-02-12', 'selesai'),
('PN-KBN-07-3-2602', 'KBN-07-3', 'PKS-C-07', 5461.89, 5856.78, '2026-02-05', '2026-02-20', 'selesai'),
('PN-KBN-07-1-2603', 'KBN-07-1', 'PKS-C-07', 5178.05, 5617.38, '2026-03-03', '2026-03-11', 'selesai'),
('PN-KBN-07-3-2603', 'KBN-07-3', 'PKS-C-07', 3891.51, 4171.12, '2026-03-03', '2026-03-14', 'selesai'),
('PN-KBN-07-1-2604', 'KBN-07-1', 'PKS-C-07', 5428.85, 5551.22, '2026-04-06', '2026-04-13', 'selesai'),
('PN-KBN-07-3-2604', 'KBN-07-3', 'PKS-C-07', 4606.34, 4851.49, '2026-04-06', '2026-04-17', 'selesai');
