-- DATABASE MYSQL: a-01-kampar
CREATE DATABASE IF NOT EXISTS `a-01-kampar`;
USE `a-01-kampar`;

CREATE TABLE IF NOT EXISTS perusahaan (perusahaan_id VARCHAR(20) PRIMARY KEY, nama_perusahaan VARCHAR(100), kode_wilayah VARCHAR(10), kapasitas_olah_ton DECIMAL(10,2));
CREATE TABLE IF NOT EXISTS karyawan (karyawan_id VARCHAR(30) PRIMARY KEY, perusahaan_id VARCHAR(20), nama VARCHAR(100), jabatan VARCHAR(50), status VARCHAR(20));
CREATE TABLE IF NOT EXISTS varietas (id_varietas VARCHAR(10) PRIMARY KEY, nama_varietas VARCHAR(50), produsen VARCHAR(50), potensi_cpo DECIMAL(4,2), tahan_ganoderma VARCHAR(20), rerata_tandan_kg DECIMAL(4,2));
CREATE TABLE IF NOT EXISTS kebun (kebun_id VARCHAR(20) PRIMARY KEY, perusahaan_id VARCHAR(20), nama_kebun VARCHAR(100), kode_wilayah VARCHAR(10), luas_ha DECIMAL(10,2), tahun_tanam SMALLINT, varietas_id VARCHAR(20), status_lahan VARCHAR(20));
CREATE TABLE IF NOT EXISTS laporan_bulanan (laporan_id VARCHAR(30) PRIMARY KEY, perusahaan_id VARCHAR(20), periode CHAR(7), produksi_tbs_ton DECIMAL(12,2), luas_panen_ha DECIMAL(10,2), stok_akhir_ton DECIMAL(12,2), volume_penjualan_ton DECIMAL(12,2));
CREATE TABLE IF NOT EXISTS jadwal_panen (jadwal_id VARCHAR(30) PRIMARY KEY, kebun_id VARCHAR(20), perusahaan_id VARCHAR(20), target_panen_ton DECIMAL(12,2), realisasi_panen_ton DECIMAL(12,2), tanggal_mulai DATE, tanggal_selesai DATE, status VARCHAR(20));

INSERT INTO perusahaan VALUES ('PKS-A-01', 'PT Sawit Makmur Kampar', '1406', 60);
INSERT INTO karyawan VALUES
('PKS-A-01-EMP-01', 'PKS-A-01', 'Fadli Sulaiman', 'Manager', 'aktif'),
('PKS-A-01-EMP-02', 'PKS-A-01', 'Chairil Ismail', 'Operator', 'aktif'),
('PKS-A-01-EMP-03', 'PKS-A-01', 'Andi Hasan', 'Mandor', 'aktif'),
('PKS-A-01-EMP-04', 'PKS-A-01', 'Siti Syafiq', 'Manager', 'non-aktif'),
('PKS-A-01-EMP-05', 'PKS-A-01', 'Hasan Hamzah', 'Admin', 'non-aktif'),
('PKS-A-01-EMP-06', 'PKS-A-01', 'Dahnil Ismail', 'Mekanik', 'non-aktif'),
('PKS-A-01-EMP-07', 'PKS-A-01', 'Jamal Syafiq', 'Manager', 'non-aktif'),
('PKS-A-01-EMP-08', 'PKS-A-01', 'Aminah Abdullah', 'Admin', 'aktif'),
('PKS-A-01-EMP-09', 'PKS-A-01', 'Nur Rahman', 'Supervisor', 'non-aktif'),
('PKS-A-01-EMP-10', 'PKS-A-01', 'Dahnil Syafiq', 'Security', 'aktif');
INSERT INTO varietas VALUES
('V-01', 'DxP PPKS 540', 'PPKS', 8.5, 'Tinggi', 16.5),
('V-02', 'DxP Simalungun', 'PPKS', 7.8, 'Sedang', 18.2),
('V-03', 'DxP Yangambi', 'Socfindo', 8.2, 'Rentan', 15.0);
INSERT INTO kebun VALUES
('KBN-01-1', 'PKS-A-01', 'Kebun Afdeling 1', '1406', 2291.62, 2018, 'V-02', 'produktif'),
('KBN-01-2', 'PKS-A-01', 'Kebun Afdeling 2', '1406', 3530.38, 2013, 'V-03', 'produktif'),
('KBN-01-3', 'PKS-A-01', 'Kebun Afdeling 3', '1406', 4678.0, 2011, 'V-02', 'replanting');
INSERT INTO laporan_bulanan VALUES
('R-PKS-A-01-2301', 'PKS-A-01', '2023-01', 14138.07, 10500, 2201.1, 12676.42),
('R-PKS-A-01-2302', 'PKS-A-01', '2023-02', 22564.76, 10500, 3794.88, 20970.98),
('R-PKS-A-01-2303', 'PKS-A-01', '2023-03', 25417.99, 10500, 6441.5, 22771.38),
('R-PKS-A-01-2304', 'PKS-A-01', '2023-04', 24975.5, 10500, 10050.62, 21366.37),
('R-PKS-A-01-2305', 'PKS-A-01', '2023-05', 23488.21, 10500, 12875.56, 20663.27),
('R-PKS-A-01-2306', 'PKS-A-01', '2023-06', 28841.81, 10500, 13765.53, 27951.84),
('R-PKS-A-01-2307', 'PKS-A-01', '2023-07', 27890.56, 10500, 15232.74, 26423.35),
('R-PKS-A-01-2308', 'PKS-A-01', '2023-08', 21993.53, 10500, 15841.96, 21384.31),
('R-PKS-A-01-2309', 'PKS-A-01', '2023-09', 22944.09, 10500, 18024.97, 20761.08),
('R-PKS-A-01-2310', 'PKS-A-01', '2023-10', 22226.78, 10500, 21277.61, 18974.15),
('R-PKS-A-01-2311', 'PKS-A-01', '2023-11', 20133.82, 10500, 22764.13, 18647.29),
('R-PKS-A-01-2312', 'PKS-A-01', '2023-12', 18422.31, 10500, 23176.91, 18009.53),
('R-PKS-A-01-2401', 'PKS-A-01', '2024-01', 18304.05, 10500, 25523.7, 15957.26),
('R-PKS-A-01-2402', 'PKS-A-01', '2024-02', 17563.02, 10500, 26439.91, 16646.8),
('R-PKS-A-01-2403', 'PKS-A-01', '2024-03', 20011.31, 10500, 28718.02, 17733.21),
('R-PKS-A-01-2404', 'PKS-A-01', '2024-04', 26617.11, 10500, 31678.73, 23656.41),
('R-PKS-A-01-2405', 'PKS-A-01', '2024-05', 21464.06, 10500, 32213.01, 20929.78),
('R-PKS-A-01-2406', 'PKS-A-01', '2024-06', 21111.25, 10500, 32663.87, 20660.38),
('R-PKS-A-01-2407', 'PKS-A-01', '2024-07', 28893.09, 10500, 34418.76, 27138.2),
('R-PKS-A-01-2408', 'PKS-A-01', '2024-08', 19670.65, 10500, 35586.9, 18502.51),
('R-PKS-A-01-2409', 'PKS-A-01', '2024-09', 25618.33, 10500, 38945.22, 22260.01),
('R-PKS-A-01-2410', 'PKS-A-01', '2024-10', 23128.8, 10500, 41898.04, 20175.98),
('R-PKS-A-01-2411', 'PKS-A-01', '2024-11', 19017.0, 10500, 42489.79, 18425.26),
('R-PKS-A-01-2412', 'PKS-A-01', '2024-12', 14055.24, 10500, 43979.6, 12565.42),
('R-PKS-A-01-2501', 'PKS-A-01', '2025-01', 17936.2, 10500, 46657.9, 15257.9),
('R-PKS-A-01-2502', 'PKS-A-01', '2025-02', 19943.17, 10500, 48373.81, 18227.25),
('R-PKS-A-01-2503', 'PKS-A-01', '2025-03', 21423.0, 10500, 50933.72, 18863.1),
('R-PKS-A-01-2504', 'PKS-A-01', '2025-04', 25323.74, 10500, 53155.87, 23101.59),
('R-PKS-A-01-2505', 'PKS-A-01', '2025-05', 28887.31, 10500, 54895.75, 27147.43),
('R-PKS-A-01-2506', 'PKS-A-01', '2025-06', 26416.3, 10500, 57380.05, 23932.0),
('R-PKS-A-01-2507', 'PKS-A-01', '2025-07', 24256.62, 10500, 60816.42, 20820.25),
('R-PKS-A-01-2508', 'PKS-A-01', '2025-08', 29091.0, 10500, 61782.73, 28124.69),
('R-PKS-A-01-2509', 'PKS-A-01', '2025-09', 24550.65, 10500, 63985.83, 22347.55),
('R-PKS-A-01-2510', 'PKS-A-01', '2025-10', 19126.45, 10500, 65523.66, 17588.62),
('R-PKS-A-01-2511', 'PKS-A-01', '2025-11', 16099.87, 10500, 67367.69, 14255.85),
('R-PKS-A-01-2512', 'PKS-A-01', '2025-12', 17801.19, 10500, 68740.93, 16427.95),
('R-PKS-A-01-2601', 'PKS-A-01', '2026-01', 15045.3, 10500, 69709.13, 14077.1),
('R-PKS-A-01-2602', 'PKS-A-01', '2026-02', 18916.94, 10500, 71151.04, 17475.03),
('R-PKS-A-01-2603', 'PKS-A-01', '2026-03', 23334.14, 10500, 72465.93, 22019.25),
('R-PKS-A-01-2604', 'PKS-A-01', '2026-04', 26244.4, 10500, 75555.86, 23154.47);
INSERT INTO jadwal_panen VALUES
('PN-KBN-01-1-2301', 'KBN-01-1', 'PKS-A-01', 4909.07, 5214.15, '2023-01-06', '2023-01-16', 'selesai'),
('PN-KBN-01-2-2301', 'KBN-01-2', 'PKS-A-01', 6963.3, 5227.67, '2023-01-02', '2023-01-09', 'selesai'),
('PN-KBN-01-1-2302', 'KBN-01-1', 'PKS-A-01', 4948.06, 2656.68, '2023-02-03', '2023-02-18', 'selesai'),
('PN-KBN-01-2-2302', 'KBN-01-2', 'PKS-A-01', 6761.0, 4702.78, '2023-02-02', '2023-02-07', 'selesai'),
('PN-KBN-01-1-2303', 'KBN-01-1', 'PKS-A-01', 4120.85, 3261.97, '2023-03-06', '2023-03-15', 'selesai'),
('PN-KBN-01-2-2303', 'KBN-01-2', 'PKS-A-01', 6051.82, 5870.46, '2023-03-04', '2023-03-11', 'selesai'),
('PN-KBN-01-1-2304', 'KBN-01-1', 'PKS-A-01', 3561.01, 3577.82, '2023-04-03', '2023-04-12', 'selesai'),
('PN-KBN-01-2-2304', 'KBN-01-2', 'PKS-A-01', 6347.31, 3700.79, '2023-04-03', '2023-04-14', 'selesai'),
('PN-KBN-01-1-2305', 'KBN-01-1', 'PKS-A-01', 3755.33, 3866.95, '2023-05-02', '2023-05-10', 'selesai'),
('PN-KBN-01-2-2305', 'KBN-01-2', 'PKS-A-01', 6753.89, 7390.61, '2023-05-04', '2023-05-14', 'selesai'),
('PN-KBN-01-1-2306', 'KBN-01-1', 'PKS-A-01', 3625.72, 2630.27, '2023-06-03', '2023-06-18', 'selesai'),
('PN-KBN-01-2-2306', 'KBN-01-2', 'PKS-A-01', 6006.06, 6074.39, '2023-06-03', '2023-06-09', 'selesai'),
('PN-KBN-01-1-2307', 'KBN-01-1', 'PKS-A-01', 4769.42, 4844.97, '2023-07-02', '2023-07-12', 'selesai'),
('PN-KBN-01-2-2307', 'KBN-01-2', 'PKS-A-01', 7162.67, 7204.31, '2023-07-02', '2023-07-15', 'selesai'),
('PN-KBN-01-1-2308', 'KBN-01-1', 'PKS-A-01', 4197.12, 4578.07, '2023-08-03', '2023-08-09', 'selesai'),
('PN-KBN-01-2-2308', 'KBN-01-2', 'PKS-A-01', 6695.93, 4500.61, '2023-08-03', '2023-08-16', 'selesai'),
('PN-KBN-01-1-2309', 'KBN-01-1', 'PKS-A-01', 4219.67, 4129.28, '2023-09-04', '2023-09-16', 'selesai'),
('PN-KBN-01-2-2309', 'KBN-01-2', 'PKS-A-01', 6574.36, 0.0, '2023-09-05', '2023-09-14', 'tertunda'),
('PN-KBN-01-1-2310', 'KBN-01-1', 'PKS-A-01', 3501.87, 3562.28, '2023-10-03', '2023-10-13', 'selesai'),
('PN-KBN-01-2-2310', 'KBN-01-2', 'PKS-A-01', 7142.54, 7582.27, '2023-10-02', '2023-10-09', 'selesai'),
('PN-KBN-01-1-2311', 'KBN-01-1', 'PKS-A-01', 4386.03, 4584.01, '2023-11-04', '2023-11-15', 'selesai'),
('PN-KBN-01-2-2311', 'KBN-01-2', 'PKS-A-01', 7208.18, 7125.26, '2023-11-06', '2023-11-21', 'selesai'),
('PN-KBN-01-1-2312', 'KBN-01-1', 'PKS-A-01', 4274.82, 4486.57, '2023-12-06', '2023-12-12', 'selesai'),
('PN-KBN-01-2-2312', 'KBN-01-2', 'PKS-A-01', 7080.39, 7601.18, '2023-12-03', '2023-12-11', 'selesai'),
('PN-KBN-01-1-2401', 'KBN-01-1', 'PKS-A-01', 4589.57, 4489.82, '2024-01-03', '2024-01-17', 'selesai'),
('PN-KBN-01-2-2401', 'KBN-01-2', 'PKS-A-01', 7600.45, 7930.6, '2024-01-05', '2024-01-12', 'selesai'),
('PN-KBN-01-1-2402', 'KBN-01-1', 'PKS-A-01', 3959.72, 4230.69, '2024-02-03', '2024-02-09', 'selesai'),
('PN-KBN-01-2-2402', 'KBN-01-2', 'PKS-A-01', 6968.87, 7171.05, '2024-02-06', '2024-02-16', 'selesai'),
('PN-KBN-01-1-2403', 'KBN-01-1', 'PKS-A-01', 4945.58, 4988.96, '2024-03-04', '2024-03-12', 'selesai'),
('PN-KBN-01-2-2403', 'KBN-01-2', 'PKS-A-01', 5547.38, 5995.32, '2024-03-03', '2024-03-14', 'selesai'),
('PN-KBN-01-1-2404', 'KBN-01-1', 'PKS-A-01', 3984.17, 3961.52, '2024-04-03', '2024-04-08', 'selesai'),
('PN-KBN-01-2-2404', 'KBN-01-2', 'PKS-A-01', 5793.74, 6069.91, '2024-04-06', '2024-04-14', 'selesai'),
('PN-KBN-01-1-2405', 'KBN-01-1', 'PKS-A-01', 3622.76, 3851.11, '2024-05-05', '2024-05-14', 'selesai'),
('PN-KBN-01-2-2405', 'KBN-01-2', 'PKS-A-01', 6415.51, 6954.86, '2024-05-03', '2024-05-09', 'selesai'),
('PN-KBN-01-1-2406', 'KBN-01-1', 'PKS-A-01', 4758.96, 0.0, '2024-06-04', '2024-06-14', 'tertunda'),
('PN-KBN-01-2-2406', 'KBN-01-2', 'PKS-A-01', 5525.37, 3922.03, '2024-06-02', '2024-06-14', 'selesai'),
('PN-KBN-01-1-2407', 'KBN-01-1', 'PKS-A-01', 4379.92, 4519.19, '2024-07-03', '2024-07-17', 'selesai'),
('PN-KBN-01-2-2407', 'KBN-01-2', 'PKS-A-01', 6651.29, 5049.2, '2024-07-05', '2024-07-19', 'selesai'),
('PN-KBN-01-1-2408', 'KBN-01-1', 'PKS-A-01', 4504.83, 4746.41, '2024-08-06', '2024-08-19', 'selesai'),
('PN-KBN-01-2-2408', 'KBN-01-2', 'PKS-A-01', 6606.67, 6690.92, '2024-08-05', '2024-08-14', 'selesai'),
('PN-KBN-01-1-2409', 'KBN-01-1', 'PKS-A-01', 4285.03, 4158.22, '2024-09-06', '2024-09-21', 'selesai'),
('PN-KBN-01-2-2409', 'KBN-01-2', 'PKS-A-01', 5384.49, 5135.21, '2024-09-04', '2024-09-19', 'selesai'),
('PN-KBN-01-1-2410', 'KBN-01-1', 'PKS-A-01', 4014.07, 0.0, '2024-10-03', '2024-10-15', 'tertunda'),
('PN-KBN-01-2-2410', 'KBN-01-2', 'PKS-A-01', 5351.73, 5648.6, '2024-10-02', '2024-10-15', 'selesai'),
('PN-KBN-01-1-2411', 'KBN-01-1', 'PKS-A-01', 4793.73, 4986.02, '2024-11-02', '2024-11-17', 'selesai'),
('PN-KBN-01-2-2411', 'KBN-01-2', 'PKS-A-01', 6324.57, 6265.77, '2024-11-05', '2024-11-11', 'selesai'),
('PN-KBN-01-1-2412', 'KBN-01-1', 'PKS-A-01', 4696.56, 4796.7, '2024-12-04', '2024-12-10', 'selesai'),
('PN-KBN-01-2-2412', 'KBN-01-2', 'PKS-A-01', 6533.82, 6633.65, '2024-12-05', '2024-12-20', 'selesai'),
('PN-KBN-01-1-2501', 'KBN-01-1', 'PKS-A-01', 4948.75, 4815.85, '2025-01-05', '2025-01-20', 'selesai'),
('PN-KBN-01-2-2501', 'KBN-01-2', 'PKS-A-01', 6313.6, 6195.74, '2025-01-02', '2025-01-16', 'selesai'),
('PN-KBN-01-1-2502', 'KBN-01-1', 'PKS-A-01', 4360.9, 4288.51, '2025-02-02', '2025-02-10', 'selesai'),
('PN-KBN-01-2-2502', 'KBN-01-2', 'PKS-A-01', 6337.55, 3363.52, '2025-02-04', '2025-02-13', 'selesai'),
('PN-KBN-01-1-2503', 'KBN-01-1', 'PKS-A-01', 4179.27, 4107.05, '2025-03-02', '2025-03-15', 'selesai'),
('PN-KBN-01-2-2503', 'KBN-01-2', 'PKS-A-01', 5529.05, 5569.87, '2025-03-02', '2025-03-11', 'selesai'),
('PN-KBN-01-1-2504', 'KBN-01-1', 'PKS-A-01', 4436.5, 4614.54, '2025-04-06', '2025-04-19', 'selesai'),
('PN-KBN-01-2-2504', 'KBN-01-2', 'PKS-A-01', 6535.02, 7063.47, '2025-04-03', '2025-04-09', 'selesai'),
('PN-KBN-01-1-2505', 'KBN-01-1', 'PKS-A-01', 4753.26, 5081.91, '2025-05-02', '2025-05-12', 'selesai'),
('PN-KBN-01-2-2505', 'KBN-01-2', 'PKS-A-01', 7462.39, 7406.8, '2025-05-03', '2025-05-11', 'selesai'),
('PN-KBN-01-1-2506', 'KBN-01-1', 'PKS-A-01', 3982.96, 3956.18, '2025-06-03', '2025-06-08', 'selesai'),
('PN-KBN-01-2-2506', 'KBN-01-2', 'PKS-A-01', 5386.68, 5124.95, '2025-06-04', '2025-06-15', 'selesai'),
('PN-KBN-01-1-2507', 'KBN-01-1', 'PKS-A-01', 3745.49, 3973.6, '2025-07-04', '2025-07-09', 'selesai'),
('PN-KBN-01-2-2507', 'KBN-01-2', 'PKS-A-01', 7073.31, 6823.83, '2025-07-06', '2025-07-16', 'selesai'),
('PN-KBN-01-1-2508', 'KBN-01-1', 'PKS-A-01', 4889.36, 4885.01, '2025-08-05', '2025-08-17', 'selesai'),
('PN-KBN-01-2-2508', 'KBN-01-2', 'PKS-A-01', 6224.52, 6155.79, '2025-08-03', '2025-08-14', 'selesai'),
('PN-KBN-01-1-2509', 'KBN-01-1', 'PKS-A-01', 5023.64, 4862.1, '2025-09-05', '2025-09-10', 'selesai'),
('PN-KBN-01-2-2509', 'KBN-01-2', 'PKS-A-01', 7294.38, 7578.53, '2025-09-05', '2025-09-17', 'selesai'),
('PN-KBN-01-1-2510', 'KBN-01-1', 'PKS-A-01', 4023.0, 2451.19, '2025-10-04', '2025-10-09', 'selesai'),
('PN-KBN-01-2-2510', 'KBN-01-2', 'PKS-A-01', 6894.35, 6742.54, '2025-10-02', '2025-10-11', 'selesai'),
('PN-KBN-01-1-2511', 'KBN-01-1', 'PKS-A-01', 4954.81, 2613.87, '2025-11-03', '2025-11-08', 'selesai'),
('PN-KBN-01-2-2511', 'KBN-01-2', 'PKS-A-01', 6808.93, 4492.53, '2025-11-02', '2025-11-17', 'selesai'),
('PN-KBN-01-1-2512', 'KBN-01-1', 'PKS-A-01', 3840.63, 3952.99, '2025-12-06', '2025-12-15', 'selesai'),
('PN-KBN-01-2-2512', 'KBN-01-2', 'PKS-A-01', 6842.77, 7128.99, '2025-12-02', '2025-12-07', 'selesai'),
('PN-KBN-01-1-2601', 'KBN-01-1', 'PKS-A-01', 4607.46, 4771.77, '2026-01-06', '2026-01-20', 'selesai'),
('PN-KBN-01-2-2601', 'KBN-01-2', 'PKS-A-01', 7079.23, 0.0, '2026-01-05', '2026-01-16', 'tertunda'),
('PN-KBN-01-1-2602', 'KBN-01-1', 'PKS-A-01', 3957.19, 3773.18, '2026-02-04', '2026-02-10', 'selesai'),
('PN-KBN-01-2-2602', 'KBN-01-2', 'PKS-A-01', 5683.15, 5517.13, '2026-02-02', '2026-02-12', 'selesai'),
('PN-KBN-01-1-2603', 'KBN-01-1', 'PKS-A-01', 4955.95, 3922.72, '2026-03-02', '2026-03-10', 'selesai'),
('PN-KBN-01-2-2603', 'KBN-01-2', 'PKS-A-01', 6631.52, 6967.29, '2026-03-03', '2026-03-09', 'selesai'),
('PN-KBN-01-1-2604', 'KBN-01-1', 'PKS-A-01', 4917.85, 3878.15, '2026-04-05', '2026-04-20', 'selesai'),
('PN-KBN-01-2-2604', 'KBN-01-2', 'PKS-A-01', 6679.47, 4016.0, '2026-04-06', '2026-04-17', 'selesai');
