-- DATABASE MYSQL: b-06-indragiri-hilir
CREATE DATABASE IF NOT EXISTS `b-06-indragiri-hilir`;
USE `b-06-indragiri-hilir`;

CREATE TABLE IF NOT EXISTS perusahaan_b (id_pks VARCHAR(20) PRIMARY KEY, nama_pks VARCHAR(100), kode_wilayah VARCHAR(10), kapasitas_olah DECIMAL(10,2));
CREATE TABLE IF NOT EXISTS pegawai (id_pegawai VARCHAR(30) PRIMARY KEY, id_pks VARCHAR(20), nama_lengkap VARCHAR(100), posisi VARCHAR(50), status_kerja VARCHAR(20));
CREATE TABLE IF NOT EXISTS varietas (id_varietas VARCHAR(10) PRIMARY KEY, nama_varietas VARCHAR(50), produsen VARCHAR(50), potensi_cpo DECIMAL(4,2), tahan_ganoderma VARCHAR(20), rerata_tandan_kg DECIMAL(4,2));
CREATE TABLE IF NOT EXISTS blok_kebun (blok_id VARCHAR(20) PRIMARY KEY, id_pks VARCHAR(20), nama_blok VARCHAR(100), kode_wilayah VARCHAR(10), luas_ha DECIMAL(10,2), tahun_tanam SMALLINT, varietas_id VARCHAR(20), status VARCHAR(20));
CREATE TABLE IF NOT EXISTS rekap_bulanan (id_rekap VARCHAR(30) PRIMARY KEY, id_pks VARCHAR(20), bulan VARCHAR(7), produksi_tbs DECIMAL(14,2), luas_panen DECIMAL(10,2), stok_akhir DECIMAL(14,2), volume_jual DECIMAL(14,2));
CREATE TABLE IF NOT EXISTS rencana_panen (rencana_id VARCHAR(30) PRIMARY KEY, blok_id VARCHAR(20), id_pks VARCHAR(20), target_ton DECIMAL(12,2), realisasi_ton DECIMAL(12,2), tgl_mulai DATE, tgl_selesai DATE, status_panen VARCHAR(20));

INSERT INTO perusahaan_b VALUES ('PKS-B-06', 'PT Inhil Gemilang', '1403', 65);
INSERT INTO pegawai VALUES
('PKS-B-06-PEG-01', 'PKS-B-06', 'Bachtiar Abdullah', 'Manager', 'aktif'),
('PKS-B-06-PEG-02', 'PKS-B-06', 'Nur Rahman', 'Security', 'tidak aktif'),
('PKS-B-06-PEG-03', 'PKS-B-06', 'Chairil Sulaiman', 'Operator', 'tidak aktif'),
('PKS-B-06-PEG-04', 'PKS-B-06', 'Dahnil Siddiq', 'Supervisor', 'aktif'),
('PKS-B-06-PEG-05', 'PKS-B-06', 'Siti Abdullah', 'Mekanik', 'aktif'),
('PKS-B-06-PEG-06', 'PKS-B-06', 'Ghazali Rahman', 'Mandor', 'aktif'),
('PKS-B-06-PEG-07', 'PKS-B-06', 'Dahnil Ismail', 'Supervisor', 'aktif'),
('PKS-B-06-PEG-08', 'PKS-B-06', 'Hasan Laila', 'Manager', 'tidak aktif'),
('PKS-B-06-PEG-09', 'PKS-B-06', 'Hasan Abdullah', 'Security', 'tidak aktif'),
('PKS-B-06-PEG-10', 'PKS-B-06', 'Fadli Laila', 'Security', 'aktif');
INSERT INTO varietas VALUES
('V-01', 'DxP PPKS 540', 'PPKS', 8.5, 'Tinggi', 16.5),
('V-02', 'DxP Simalungun', 'PPKS', 7.8, 'Sedang', 18.2),
('V-03', 'DxP Yangambi', 'Socfindo', 8.2, 'Rentan', 15.0);
INSERT INTO blok_kebun VALUES
('KBN-06-1', 'PKS-B-06', 'Kebun Afdeling 1', '1403', 3825.45, 2017, 'V-01', 'produktif'),
('KBN-06-2', 'PKS-B-06', 'Kebun Afdeling 2', '1403', 1740.53, 2018, 'V-02', 'produktif'),
('KBN-06-3', 'PKS-B-06', 'Kebun Afdeling 3', '1403', 5934.02, 2015, 'V-03', 'produktif');
INSERT INTO rekap_bulanan VALUES
('R-PKS-B-06-2301', 'PKS-B-06', '2023-01', 20058550.0, 11500, 1867720.0, 19129790.0),
('R-PKS-B-06-2302', 'PKS-B-06', '2023-02', 21506260.0, 11500, 3359550.0, 20014440.0),
('R-PKS-B-06-2303', 'PKS-B-06', '2023-03', 23052270.0, 11500, 5672480.0, 20739330.0),
('R-PKS-B-06-2304', 'PKS-B-06', '2023-04', 22521110.0, 11500, 6810040.0, 21383550.0),
('R-PKS-B-06-2305', 'PKS-B-06', '2023-05', 22025330.0, 11500, 9182040.0, 19653340.0),
('R-PKS-B-06-2306', 'PKS-B-06', '2023-06', 25315980.0, 11500, 12047210.0, 22450800.0),
('R-PKS-B-06-2307', 'PKS-B-06', '2023-07', 31199520.0, 11500, 15696370.0, 27550360.0),
('R-PKS-B-06-2308', 'PKS-B-06', '2023-08', 30582940.0, 11500, 17202780.0, 29076530.0),
('R-PKS-B-06-2309', 'PKS-B-06', '2023-09', 24072660.0, 11500, 18827180.0, 22448250.0),
('R-PKS-B-06-2310', 'PKS-B-06', '2023-10', 27736520.0, 11500, 22613650.0, 23950050.0),
('R-PKS-B-06-2311', 'PKS-B-06', '2023-11', 21198080.0, 11500, 25267790.0, 18543940.0),
('R-PKS-B-06-2312', 'PKS-B-06', '2023-12', 15601910.0, 11500, 27024480.0, 13845220.0),
('R-PKS-B-06-2401', 'PKS-B-06', '2024-01', 15077710.0, 11500, 27666740.0, 14435450.0),
('R-PKS-B-06-2402', 'PKS-B-06', '2024-02', 20597940.0, 11500, 29223290.0, 19041390.0),
('R-PKS-B-06-2403', 'PKS-B-06', '2024-03', 23901630.0, 11500, 31852390.0, 21272530.0),
('R-PKS-B-06-2404', 'PKS-B-06', '2024-04', 28377680.0, 11500, 35596850.0, 24633220.0),
('R-PKS-B-06-2405', 'PKS-B-06', '2024-05', 22594710.0, 11500, 36489710.0, 21701850.0),
('R-PKS-B-06-2406', 'PKS-B-06', '2024-06', 28099660.0, 11500, 38097880.0, 26491490.0),
('R-PKS-B-06-2407', 'PKS-B-06', '2024-07', 26926300.0, 11500, 39968900.0, 25055280.0),
('R-PKS-B-06-2408', 'PKS-B-06', '2024-08', 27503550.0, 11500, 43776330.0, 23696130.0),
('R-PKS-B-06-2409', 'PKS-B-06', '2024-09', 28886220.0, 11500, 45313930.0, 27348610.0),
('R-PKS-B-06-2410', 'PKS-B-06', '2024-10', 25778350.0, 11500, 48868640.0, 22223650.0),
('R-PKS-B-06-2411', 'PKS-B-06', '2024-11', 22202950.0, 11500, 51498900.0, 19572690.0),
('R-PKS-B-06-2412', 'PKS-B-06', '2024-12', 20089900.0, 11500, 53444850.0, 18143950.0),
('R-PKS-B-06-2501', 'PKS-B-06', '2025-01', 21710530.0, 11500, 54266120.0, 20889270.0),
('R-PKS-B-06-2502', 'PKS-B-06', '2025-02', 23213880.0, 11500, 56720060.0, 20759940.0),
('R-PKS-B-06-2503', 'PKS-B-06', '2025-03', 20010700.0, 11500, 58140520.0, 18590240.0),
('R-PKS-B-06-2504', 'PKS-B-06', '2025-04', 25265570.0, 11500, 59830890.0, 23575200.0),
('R-PKS-B-06-2505', 'PKS-B-06', '2025-05', 26436790.0, 11500, 61753250.0, 24514430.0),
('R-PKS-B-06-2506', 'PKS-B-06', '2025-06', 28354240.0, 11500, 65170980.0, 24936510.0),
('R-PKS-B-06-2507', 'PKS-B-06', '2025-07', 31715920.0, 11500, 66062950.0, 30823950.0),
('R-PKS-B-06-2508', 'PKS-B-06', '2025-08', 25366670.0, 11500, 68976310.0, 22453300.0),
('R-PKS-B-06-2509', 'PKS-B-06', '2025-09', 24402190.0, 11500, 70443640.0, 22934860.0),
('R-PKS-B-06-2510', 'PKS-B-06', '2025-10', 20237300.0, 11500, 73000250.0, 17680690.0),
('R-PKS-B-06-2511', 'PKS-B-06', '2025-11', 17184850.0, 11500, 74402750.0, 15782340.0),
('R-PKS-B-06-2512', 'PKS-B-06', '2025-12', 15576200.0, 11500, 76605280.0, 13373670.0),
('R-PKS-B-06-2601', 'PKS-B-06', '2026-01', 17099730.0, 11500, 77333930.0, 16371080.0),
('R-PKS-B-06-2602', 'PKS-B-06', '2026-02', 23079410.0, 11500, 77992640.0, 22420710.0),
('R-PKS-B-06-2603', 'PKS-B-06', '2026-03', 24354780.0, 11500, 80295110.0, 22052300.0),
('R-PKS-B-06-2604', 'PKS-B-06', '2026-04', 28865520.0, 11500, 82706360.0, 26454270.0);
INSERT INTO rencana_panen VALUES
('PN-KBN-06-1-2301', 'KBN-06-1', 'PKS-B-06', 7010.52, 6810.03, '2023-01-05', '2023-01-16', 'selesai'),
('PN-KBN-06-2-2301', 'KBN-06-2', 'PKS-B-06', 2838.5, 2898.32, '2023-01-06', '2023-01-20', 'selesai'),
('PN-KBN-06-3-2301', 'KBN-06-3', 'PKS-B-06', 12702.51, 8762.63, '2023-01-06', '2023-01-21', 'selesai'),
('PN-KBN-06-1-2302', 'KBN-06-1', 'PKS-B-06', 8328.9, 5960.02, '2023-02-04', '2023-02-10', 'selesai'),
('PN-KBN-06-2-2302', 'KBN-06-2', 'PKS-B-06', 3105.48, 3212.78, '2023-02-03', '2023-02-10', 'selesai'),
('PN-KBN-06-3-2302', 'KBN-06-3', 'PKS-B-06', 9481.58, 10064.64, '2023-02-04', '2023-02-17', 'selesai'),
('PN-KBN-06-1-2303', 'KBN-06-1', 'PKS-B-06', 6289.19, 6339.78, '2023-03-06', '2023-03-17', 'selesai'),
('PN-KBN-06-2-2303', 'KBN-06-2', 'PKS-B-06', 3626.11, 2286.76, '2023-03-06', '2023-03-17', 'selesai'),
('PN-KBN-06-3-2303', 'KBN-06-3', 'PKS-B-06', 9187.55, 9379.72, '2023-03-03', '2023-03-10', 'selesai'),
('PN-KBN-06-1-2304', 'KBN-06-1', 'PKS-B-06', 7590.95, 7534.03, '2023-04-04', '2023-04-17', 'selesai'),
('PN-KBN-06-2-2304', 'KBN-06-2', 'PKS-B-06', 3826.19, 4182.83, '2023-04-02', '2023-04-07', 'selesai'),
('PN-KBN-06-3-2304', 'KBN-06-3', 'PKS-B-06', 11875.84, 12897.45, '2023-04-04', '2023-04-19', 'selesai'),
('PN-KBN-06-1-2305', 'KBN-06-1', 'PKS-B-06', 7288.24, 7795.31, '2023-05-02', '2023-05-08', 'selesai'),
('PN-KBN-06-2-2305', 'KBN-06-2', 'PKS-B-06', 2786.01, 2820.04, '2023-05-02', '2023-05-12', 'selesai'),
('PN-KBN-06-3-2305', 'KBN-06-3', 'PKS-B-06', 9024.94, 8719.04, '2023-05-02', '2023-05-07', 'selesai'),
('PN-KBN-06-1-2306', 'KBN-06-1', 'PKS-B-06', 7603.62, 7764.05, '2023-06-06', '2023-06-21', 'selesai'),
('PN-KBN-06-2-2306', 'KBN-06-2', 'PKS-B-06', 2766.69, 2733.93, '2023-06-04', '2023-06-16', 'selesai'),
('PN-KBN-06-3-2306', 'KBN-06-3', 'PKS-B-06', 12329.64, 12028.73, '2023-06-06', '2023-06-17', 'selesai'),
('PN-KBN-06-1-2307', 'KBN-06-1', 'PKS-B-06', 8154.39, 7830.76, '2023-07-02', '2023-07-09', 'selesai'),
('PN-KBN-06-2-2307', 'KBN-06-2', 'PKS-B-06', 3593.16, 3524.81, '2023-07-03', '2023-07-12', 'selesai'),
('PN-KBN-06-3-2307', 'KBN-06-3', 'PKS-B-06', 11236.11, 11733.7, '2023-07-06', '2023-07-21', 'selesai'),
('PN-KBN-06-1-2308', 'KBN-06-1', 'PKS-B-06', 7024.56, 7265.63, '2023-08-02', '2023-08-14', 'selesai'),
('PN-KBN-06-2-2308', 'KBN-06-2', 'PKS-B-06', 3353.17, 3388.65, '2023-08-05', '2023-08-11', 'selesai'),
('PN-KBN-06-3-2308', 'KBN-06-3', 'PKS-B-06', 11149.62, 11699.86, '2023-08-05', '2023-08-17', 'selesai'),
('PN-KBN-06-1-2309', 'KBN-06-1', 'PKS-B-06', 5769.73, 6219.59, '2023-09-02', '2023-09-16', 'selesai'),
('PN-KBN-06-2-2309', 'KBN-06-2', 'PKS-B-06', 3088.65, 3336.53, '2023-09-02', '2023-09-09', 'selesai'),
('PN-KBN-06-3-2309', 'KBN-06-3', 'PKS-B-06', 11705.99, 11185.95, '2023-09-04', '2023-09-15', 'selesai'),
('PN-KBN-06-1-2310', 'KBN-06-1', 'PKS-B-06', 7025.15, 6766.54, '2023-10-05', '2023-10-14', 'selesai'),
('PN-KBN-06-2-2310', 'KBN-06-2', 'PKS-B-06', 3719.35, 3917.03, '2023-10-02', '2023-10-08', 'selesai'),
('PN-KBN-06-3-2310', 'KBN-06-3', 'PKS-B-06', 10613.02, 10592.05, '2023-10-02', '2023-10-16', 'selesai'),
('PN-KBN-06-1-2311', 'KBN-06-1', 'PKS-B-06', 7404.53, 7470.39, '2023-11-05', '2023-11-14', 'selesai'),
('PN-KBN-06-2-2311', 'KBN-06-2', 'PKS-B-06', 3058.37, 3318.21, '2023-11-02', '2023-11-11', 'selesai'),
('PN-KBN-06-3-2311', 'KBN-06-3', 'PKS-B-06', 12566.5, 13233.74, '2023-11-02', '2023-11-13', 'selesai'),
('PN-KBN-06-1-2312', 'KBN-06-1', 'PKS-B-06', 8351.78, 8976.44, '2023-12-03', '2023-12-09', 'selesai'),
('PN-KBN-06-2-2312', 'KBN-06-2', 'PKS-B-06', 2618.19, 2508.48, '2023-12-06', '2023-12-12', 'selesai'),
('PN-KBN-06-3-2312', 'KBN-06-3', 'PKS-B-06', 9632.78, 10155.94, '2023-12-06', '2023-12-14', 'selesai'),
('PN-KBN-06-1-2401', 'KBN-06-1', 'PKS-B-06', 7157.74, 7863.46, '2024-01-06', '2024-01-15', 'selesai'),
('PN-KBN-06-2-2401', 'KBN-06-2', 'PKS-B-06', 2777.07, 2844.58, '2024-01-02', '2024-01-17', 'selesai'),
('PN-KBN-06-3-2401', 'KBN-06-3', 'PKS-B-06', 13051.71, 8147.66, '2024-01-03', '2024-01-11', 'selesai'),
('PN-KBN-06-1-2402', 'KBN-06-1', 'PKS-B-06', 6229.38, 6723.31, '2024-02-06', '2024-02-18', 'selesai'),
('PN-KBN-06-2-2402', 'KBN-06-2', 'PKS-B-06', 3054.0, 2979.61, '2024-02-06', '2024-02-15', 'selesai'),
('PN-KBN-06-3-2402', 'KBN-06-3', 'PKS-B-06', 11958.42, 7950.48, '2024-02-05', '2024-02-10', 'selesai'),
('PN-KBN-06-1-2403', 'KBN-06-1', 'PKS-B-06', 7893.43, 8265.14, '2024-03-03', '2024-03-16', 'selesai'),
('PN-KBN-06-2-2403', 'KBN-06-2', 'PKS-B-06', 3064.52, 3182.38, '2024-03-04', '2024-03-13', 'selesai'),
('PN-KBN-06-3-2403', 'KBN-06-3', 'PKS-B-06', 11879.29, 12593.16, '2024-03-05', '2024-03-18', 'selesai'),
('PN-KBN-06-1-2404', 'KBN-06-1', 'PKS-B-06', 7793.95, 0.0, '2024-04-04', '2024-04-14', 'tertunda'),
('PN-KBN-06-2-2404', 'KBN-06-2', 'PKS-B-06', 3169.92, 3457.87, '2024-04-05', '2024-04-16', 'selesai'),
('PN-KBN-06-3-2404', 'KBN-06-3', 'PKS-B-06', 10578.49, 11451.1, '2024-04-06', '2024-04-16', 'selesai'),
('PN-KBN-06-1-2405', 'KBN-06-1', 'PKS-B-06', 6574.27, 4428.98, '2024-05-02', '2024-05-14', 'selesai'),
('PN-KBN-06-2-2405', 'KBN-06-2', 'PKS-B-06', 3622.29, 3967.42, '2024-05-04', '2024-05-18', 'selesai'),
('PN-KBN-06-3-2405', 'KBN-06-3', 'PKS-B-06', 12900.75, 13456.95, '2024-05-02', '2024-05-09', 'selesai'),
('PN-KBN-06-1-2406', 'KBN-06-1', 'PKS-B-06', 5819.22, 3193.34, '2024-06-04', '2024-06-11', 'selesai'),
('PN-KBN-06-2-2406', 'KBN-06-2', 'PKS-B-06', 3738.46, 3798.44, '2024-06-03', '2024-06-14', 'selesai'),
('PN-KBN-06-3-2406', 'KBN-06-3', 'PKS-B-06', 11639.4, 0.0, '2024-06-03', '2024-06-11', 'tertunda'),
('PN-KBN-06-1-2407', 'KBN-06-1', 'PKS-B-06', 6959.5, 7313.35, '2024-07-05', '2024-07-18', 'selesai'),
('PN-KBN-06-2-2407', 'KBN-06-2', 'PKS-B-06', 3373.44, 3541.95, '2024-07-03', '2024-07-14', 'selesai'),
('PN-KBN-06-3-2407', 'KBN-06-3', 'PKS-B-06', 12101.02, 11865.33, '2024-07-04', '2024-07-14', 'selesai'),
('PN-KBN-06-1-2408', 'KBN-06-1', 'PKS-B-06', 8072.6, 8683.43, '2024-08-03', '2024-08-12', 'selesai'),
('PN-KBN-06-2-2408', 'KBN-06-2', 'PKS-B-06', 2675.53, 2918.45, '2024-08-06', '2024-08-19', 'selesai'),
('PN-KBN-06-3-2408', 'KBN-06-3', 'PKS-B-06', 11619.32, 12611.85, '2024-08-03', '2024-08-13', 'selesai'),
('PN-KBN-06-1-2409', 'KBN-06-1', 'PKS-B-06', 8125.75, 8917.76, '2024-09-06', '2024-09-13', 'selesai'),
('PN-KBN-06-2-2409', 'KBN-06-2', 'PKS-B-06', 3744.29, 3767.54, '2024-09-06', '2024-09-21', 'selesai'),
('PN-KBN-06-3-2409', 'KBN-06-3', 'PKS-B-06', 10808.41, 10908.14, '2024-09-06', '2024-09-14', 'selesai'),
('PN-KBN-06-1-2410', 'KBN-06-1', 'PKS-B-06', 6483.2, 4140.75, '2024-10-02', '2024-10-14', 'selesai'),
('PN-KBN-06-2-2410', 'KBN-06-2', 'PKS-B-06', 3006.01, 3118.83, '2024-10-03', '2024-10-09', 'selesai'),
('PN-KBN-06-3-2410', 'KBN-06-3', 'PKS-B-06', 10622.19, 11063.52, '2024-10-03', '2024-10-09', 'selesai'),
('PN-KBN-06-1-2411', 'KBN-06-1', 'PKS-B-06', 5767.47, 5924.14, '2024-11-02', '2024-11-08', 'selesai'),
('PN-KBN-06-2-2411', 'KBN-06-2', 'PKS-B-06', 3157.79, 2404.61, '2024-11-05', '2024-11-18', 'selesai'),
('PN-KBN-06-3-2411', 'KBN-06-3', 'PKS-B-06', 10243.97, 9997.35, '2024-11-02', '2024-11-17', 'selesai'),
('PN-KBN-06-1-2412', 'KBN-06-1', 'PKS-B-06', 6284.96, 6384.32, '2024-12-03', '2024-12-17', 'selesai'),
('PN-KBN-06-2-2412', 'KBN-06-2', 'PKS-B-06', 3449.2, 0.0, '2024-12-04', '2024-12-09', 'tertunda'),
('PN-KBN-06-3-2412', 'KBN-06-3', 'PKS-B-06', 9017.4, 0.0, '2024-12-03', '2024-12-14', 'tertunda'),
('PN-KBN-06-1-2501', 'KBN-06-1', 'PKS-B-06', 8309.29, 7939.32, '2025-01-05', '2025-01-12', 'selesai'),
('PN-KBN-06-2-2501', 'KBN-06-2', 'PKS-B-06', 3468.58, 0.0, '2025-01-05', '2025-01-16', 'tertunda'),
('PN-KBN-06-3-2501', 'KBN-06-3', 'PKS-B-06', 10001.99, 5809.74, '2025-01-03', '2025-01-12', 'selesai'),
('PN-KBN-06-1-2502', 'KBN-06-1', 'PKS-B-06', 5748.78, 5889.67, '2025-02-05', '2025-02-17', 'selesai'),
('PN-KBN-06-2-2502', 'KBN-06-2', 'PKS-B-06', 3563.86, 3884.12, '2025-02-04', '2025-02-12', 'selesai'),
('PN-KBN-06-3-2502', 'KBN-06-3', 'PKS-B-06', 10566.5, 6112.31, '2025-02-03', '2025-02-17', 'selesai'),
('PN-KBN-06-1-2503', 'KBN-06-1', 'PKS-B-06', 6908.76, 6622.28, '2025-03-03', '2025-03-15', 'selesai'),
('PN-KBN-06-2-2503', 'KBN-06-2', 'PKS-B-06', 2880.51, 2933.34, '2025-03-03', '2025-03-13', 'selesai'),
('PN-KBN-06-3-2503', 'KBN-06-3', 'PKS-B-06', 10856.58, 11307.8, '2025-03-05', '2025-03-18', 'selesai'),
('PN-KBN-06-1-2504', 'KBN-06-1', 'PKS-B-06', 6698.64, 7032.88, '2025-04-02', '2025-04-09', 'selesai'),
('PN-KBN-06-2-2504', 'KBN-06-2', 'PKS-B-06', 3781.8, 3691.87, '2025-04-04', '2025-04-09', 'selesai'),
('PN-KBN-06-3-2504', 'KBN-06-3', 'PKS-B-06', 10094.8, 10316.23, '2025-04-06', '2025-04-14', 'selesai'),
('PN-KBN-06-1-2505', 'KBN-06-1', 'PKS-B-06', 6772.65, 6483.78, '2025-05-05', '2025-05-20', 'selesai'),
('PN-KBN-06-2-2505', 'KBN-06-2', 'PKS-B-06', 3454.07, 3402.98, '2025-05-03', '2025-05-14', 'selesai'),
('PN-KBN-06-3-2505', 'KBN-06-3', 'PKS-B-06', 11459.54, 6253.01, '2025-05-06', '2025-05-18', 'selesai'),
('PN-KBN-06-1-2506', 'KBN-06-1', 'PKS-B-06', 6231.37, 6522.28, '2025-06-03', '2025-06-14', 'selesai'),
('PN-KBN-06-2-2506', 'KBN-06-2', 'PKS-B-06', 2742.75, 2873.79, '2025-06-04', '2025-06-15', 'selesai'),
('PN-KBN-06-3-2506', 'KBN-06-3', 'PKS-B-06', 12715.65, 12756.31, '2025-06-05', '2025-06-18', 'selesai'),
('PN-KBN-06-1-2507', 'KBN-06-1', 'PKS-B-06', 7342.13, 7036.57, '2025-07-04', '2025-07-11', 'selesai'),
('PN-KBN-06-2-2507', 'KBN-06-2', 'PKS-B-06', 2906.59, 0.0, '2025-07-03', '2025-07-16', 'tertunda'),
('PN-KBN-06-3-2507', 'KBN-06-3', 'PKS-B-06', 12703.49, 13575.82, '2025-07-06', '2025-07-12', 'selesai'),
('PN-KBN-06-1-2508', 'KBN-06-1', 'PKS-B-06', 5985.22, 5880.05, '2025-08-05', '2025-08-13', 'selesai'),
('PN-KBN-06-2-2508', 'KBN-06-2', 'PKS-B-06', 3509.26, 2338.35, '2025-08-02', '2025-08-16', 'selesai'),
('PN-KBN-06-3-2508', 'KBN-06-3', 'PKS-B-06', 10180.32, 10086.96, '2025-08-04', '2025-08-13', 'selesai'),
('PN-KBN-06-1-2509', 'KBN-06-1', 'PKS-B-06', 6561.47, 6571.98, '2025-09-06', '2025-09-11', 'selesai'),
('PN-KBN-06-2-2509', 'KBN-06-2', 'PKS-B-06', 2684.88, 2630.84, '2025-09-05', '2025-09-18', 'selesai'),
('PN-KBN-06-3-2509', 'KBN-06-3', 'PKS-B-06', 9280.55, 9807.75, '2025-09-05', '2025-09-10', 'selesai'),
('PN-KBN-06-1-2510', 'KBN-06-1', 'PKS-B-06', 6649.91, 7096.83, '2025-10-05', '2025-10-15', 'selesai'),
('PN-KBN-06-2-2510', 'KBN-06-2', 'PKS-B-06', 3667.55, 3864.99, '2025-10-05', '2025-10-12', 'selesai'),
('PN-KBN-06-3-2510', 'KBN-06-3', 'PKS-B-06', 12741.22, 0.0, '2025-10-04', '2025-10-12', 'tertunda'),
('PN-KBN-06-1-2511', 'KBN-06-1', 'PKS-B-06', 7065.29, 7463.71, '2025-11-04', '2025-11-09', 'selesai'),
('PN-KBN-06-2-2511', 'KBN-06-2', 'PKS-B-06', 3377.68, 3440.94, '2025-11-06', '2025-11-14', 'selesai'),
('PN-KBN-06-3-2511', 'KBN-06-3', 'PKS-B-06', 10289.27, 11256.33, '2025-11-04', '2025-11-13', 'selesai'),
('PN-KBN-06-1-2512', 'KBN-06-1', 'PKS-B-06', 6262.61, 6253.72, '2025-12-04', '2025-12-15', 'selesai'),
('PN-KBN-06-2-2512', 'KBN-06-2', 'PKS-B-06', 3336.96, 2459.05, '2025-12-03', '2025-12-15', 'selesai'),
('PN-KBN-06-3-2512', 'KBN-06-3', 'PKS-B-06', 12379.25, 9405.18, '2025-12-03', '2025-12-08', 'selesai'),
('PN-KBN-06-1-2601', 'KBN-06-1', 'PKS-B-06', 6720.99, 6838.01, '2026-01-06', '2026-01-12', 'selesai'),
('PN-KBN-06-2-2601', 'KBN-06-2', 'PKS-B-06', 3166.54, 3448.24, '2026-01-04', '2026-01-13', 'selesai'),
('PN-KBN-06-3-2601', 'KBN-06-3', 'PKS-B-06', 9639.75, 9368.27, '2026-01-06', '2026-01-19', 'selesai'),
('PN-KBN-06-1-2602', 'KBN-06-1', 'PKS-B-06', 6582.65, 7048.77, '2026-02-06', '2026-02-21', 'selesai'),
('PN-KBN-06-2-2602', 'KBN-06-2', 'PKS-B-06', 3735.01, 3915.51, '2026-02-04', '2026-02-09', 'selesai'),
('PN-KBN-06-3-2602', 'KBN-06-3', 'PKS-B-06', 11153.72, 11145.65, '2026-02-04', '2026-02-16', 'selesai'),
('PN-KBN-06-1-2603', 'KBN-06-1', 'PKS-B-06', 7339.9, 7178.13, '2026-03-06', '2026-03-20', 'selesai'),
('PN-KBN-06-2-2603', 'KBN-06-2', 'PKS-B-06', 3671.04, 0.0, '2026-03-04', '2026-03-15', 'tertunda'),
('PN-KBN-06-3-2603', 'KBN-06-3', 'PKS-B-06', 9028.35, 9109.25, '2026-03-02', '2026-03-11', 'selesai'),
('PN-KBN-06-1-2604', 'KBN-06-1', 'PKS-B-06', 6888.16, 7294.76, '2026-04-06', '2026-04-18', 'selesai'),
('PN-KBN-06-2-2604', 'KBN-06-2', 'PKS-B-06', 2913.62, 2971.27, '2026-04-03', '2026-04-09', 'selesai'),
('PN-KBN-06-3-2604', 'KBN-06-3', 'PKS-B-06', 10672.7, 11153.88, '2026-04-06', '2026-04-18', 'selesai');
