-- DATABASE MYSQL: a-02-pelalawan
CREATE DATABASE IF NOT EXISTS `a-02-pelalawan`;
USE `a-02-pelalawan`;

CREATE TABLE IF NOT EXISTS perusahaan (perusahaan_id VARCHAR(20) PRIMARY KEY, nama_perusahaan VARCHAR(100), kode_wilayah VARCHAR(10), kapasitas_olah_ton DECIMAL(10,2));
CREATE TABLE IF NOT EXISTS karyawan (karyawan_id VARCHAR(30) PRIMARY KEY, perusahaan_id VARCHAR(20), nama VARCHAR(100), jabatan VARCHAR(50), status VARCHAR(20));
CREATE TABLE IF NOT EXISTS varietas (id_varietas VARCHAR(10) PRIMARY KEY, nama_varietas VARCHAR(50), produsen VARCHAR(50), potensi_cpo DECIMAL(4,2), tahan_ganoderma VARCHAR(20), rerata_tandan_kg DECIMAL(4,2));
CREATE TABLE IF NOT EXISTS kebun (kebun_id VARCHAR(20) PRIMARY KEY, perusahaan_id VARCHAR(20), nama_kebun VARCHAR(100), kode_wilayah VARCHAR(10), luas_ha DECIMAL(10,2), tahun_tanam SMALLINT, varietas_id VARCHAR(20), status_lahan VARCHAR(20));
CREATE TABLE IF NOT EXISTS laporan_bulanan (laporan_id VARCHAR(30) PRIMARY KEY, perusahaan_id VARCHAR(20), periode CHAR(7), produksi_tbs_ton DECIMAL(12,2), luas_panen_ha DECIMAL(10,2), stok_akhir_ton DECIMAL(12,2), volume_penjualan_ton DECIMAL(12,2));
CREATE TABLE IF NOT EXISTS jadwal_panen (jadwal_id VARCHAR(30) PRIMARY KEY, kebun_id VARCHAR(20), perusahaan_id VARCHAR(20), target_panen_ton DECIMAL(12,2), realisasi_panen_ton DECIMAL(12,2), tanggal_mulai DATE, tanggal_selesai DATE, status VARCHAR(20));

INSERT INTO perusahaan VALUES ('PKS-A-02', 'PT Pelalawan Agro', '1404', 55);
INSERT INTO karyawan VALUES
('PKS-A-02-EMP-01', 'PKS-A-02', 'Ihsan Hasan', 'Manager', 'non-aktif'),
('PKS-A-02-EMP-02', 'PKS-A-02', 'Ihsan Rahman', 'Security', 'aktif'),
('PKS-A-02-EMP-03', 'PKS-A-02', 'Ihsan Sari', 'Manager', 'non-aktif'),
('PKS-A-02-EMP-04', 'PKS-A-02', 'Aminah Laila', 'Manager', 'aktif'),
('PKS-A-02-EMP-05', 'PKS-A-02', 'Hasan Abdullah', 'Operator', 'non-aktif'),
('PKS-A-02-EMP-06', 'PKS-A-02', 'Andi Hasan', 'Admin', 'aktif'),
('PKS-A-02-EMP-07', 'PKS-A-02', 'Andi Hasan', 'Supervisor', 'non-aktif'),
('PKS-A-02-EMP-08', 'PKS-A-02', 'Dahnil Sulaiman', 'Mekanik', 'non-aktif'),
('PKS-A-02-EMP-09', 'PKS-A-02', 'Ihsan Ali', 'Admin', 'aktif'),
('PKS-A-02-EMP-10', 'PKS-A-02', 'Hasan Laila', 'Mekanik', 'aktif');
INSERT INTO varietas VALUES
('V-01', 'DxP PPKS 540', 'PPKS', 8.5, 'Tinggi', 16.5),
('V-02', 'DxP Simalungun', 'PPKS', 7.8, 'Sedang', 18.2),
('V-03', 'DxP Yangambi', 'Socfindo', 8.2, 'Rentan', 15.0);
INSERT INTO kebun VALUES
('KBN-02-1', 'PKS-A-02', 'Kebun Afdeling 1', '1404', 4461.78, 2020, 'V-01', 'produktif'),
('KBN-02-2', 'PKS-A-02', 'Kebun Afdeling 2', '1404', 3251.94, 2019, 'V-01', 'produktif'),
('KBN-02-3', 'PKS-A-02', 'Kebun Afdeling 3', '1404', 4586.28, 2013, 'V-02', 'replanting');
INSERT INTO laporan_bulanan VALUES
('R-PKS-A-02-2301', 'PKS-A-02', '2023-01', 15870.85, 12300, 1626.69, 14774.52),
('R-PKS-A-02-2302', 'PKS-A-02', '2023-02', 26939.51, 12300, 3033.28, 25532.92),
('R-PKS-A-02-2303', 'PKS-A-02', '2023-03', 27510.68, 12300, 6640.28, 23903.67),
('R-PKS-A-02-2304', 'PKS-A-02', '2023-04', 26005.75, 12300, 8972.87, 23673.17),
('R-PKS-A-02-2305', 'PKS-A-02', '2023-05', 32129.04, 12300, 10893.59, 30208.31),
('R-PKS-A-02-2306', 'PKS-A-02', '2023-06', 26539.44, 12300, 11484.63, 25948.4),
('R-PKS-A-02-2307', 'PKS-A-02', '2023-07', 29591.79, 12300, 14623.12, 26453.3),
('R-PKS-A-02-2308', 'PKS-A-02', '2023-08', 23667.16, 12300, 15247.55, 23042.73),
('R-PKS-A-02-2309', 'PKS-A-02', '2023-09', 31248.24, 12300, 17669.74, 28826.05),
('R-PKS-A-02-2310', 'PKS-A-02', '2023-10', 22056.03, 12300, 18908.47, 20817.3),
('R-PKS-A-02-2311', 'PKS-A-02', '2023-11', 21038.53, 12300, 19932.86, 20014.15),
('R-PKS-A-02-2312', 'PKS-A-02', '2023-12', 22902.09, 12300, 22798.61, 20036.34),
('R-PKS-A-02-2401', 'PKS-A-02', '2024-01', 15915.28, 12300, 23730.29, 14983.61),
('R-PKS-A-02-2402', 'PKS-A-02', '2024-02', 18936.42, 12300, 24293.94, 18372.76),
('R-PKS-A-02-2403', 'PKS-A-02', '2024-03', 23545.98, 12300, 25621.32, 22218.61),
('R-PKS-A-02-2404', 'PKS-A-02', '2024-04', 30973.81, 12300, 27252.15, 29342.97),
('R-PKS-A-02-2405', 'PKS-A-02', '2024-05', 26356.15, 12300, 29912.18, 23696.12),
('R-PKS-A-02-2406', 'PKS-A-02', '2024-06', 31602.47, 12300, 30889.25, 30625.4),
('R-PKS-A-02-2407', 'PKS-A-02', '2024-07', 26540.35, 12300, 32031.7, 25397.89),
('R-PKS-A-02-2408', 'PKS-A-02', '2024-08', 27814.08, 12300, 32888.87, 26956.91),
('R-PKS-A-02-2409', 'PKS-A-02', '2024-09', 22800.7, 12300, 33667.69, 22021.89),
('R-PKS-A-02-2410', 'PKS-A-02', '2024-10', 22307.37, 12300, 34643.35, 21331.71),
('R-PKS-A-02-2411', 'PKS-A-02', '2024-11', 20953.14, 12300, 35319.99, 20276.5),
('R-PKS-A-02-2412', 'PKS-A-02', '2024-12', 19565.74, 12300, 37055.77, 17829.96),
('R-PKS-A-02-2501', 'PKS-A-02', '2025-01', 20753.33, 12300, 37537.68, 20271.42),
('R-PKS-A-02-2502', 'PKS-A-02', '2025-02', 24575.05, 12300, 39720.96, 22391.77),
('R-PKS-A-02-2503', 'PKS-A-02', '2025-03', 25092.21, 12300, 42539.13, 22274.05),
('R-PKS-A-02-2504', 'PKS-A-02', '2025-04', 29716.84, 12300, 44576.4, 27679.56),
('R-PKS-A-02-2505', 'PKS-A-02', '2025-05', 32187.36, 12300, 47903.81, 28859.95),
('R-PKS-A-02-2506', 'PKS-A-02', '2025-06', 23736.37, 12300, 50511.35, 21128.84),
('R-PKS-A-02-2507', 'PKS-A-02', '2025-07', 24730.33, 12300, 51031.0, 24210.67),
('R-PKS-A-02-2508', 'PKS-A-02', '2025-08', 24040.14, 12300, 53969.29, 21101.85),
('R-PKS-A-02-2509', 'PKS-A-02', '2025-09', 28600.67, 12300, 55745.65, 26824.31),
('R-PKS-A-02-2510', 'PKS-A-02', '2025-10', 24479.15, 12300, 58339.02, 21885.78),
('R-PKS-A-02-2511', 'PKS-A-02', '2025-11', 25987.62, 12300, 60976.85, 23349.8),
('R-PKS-A-02-2512', 'PKS-A-02', '2025-12', 18034.49, 12300, 61556.0, 17455.34),
('R-PKS-A-02-2601', 'PKS-A-02', '2026-01', 20811.71, 12300, 62693.64, 19674.06),
('R-PKS-A-02-2602', 'PKS-A-02', '2026-02', 26657.14, 12300, 63609.75, 25741.04),
('R-PKS-A-02-2603', 'PKS-A-02', '2026-03', 23761.82, 12300, 64493.86, 22877.71),
('R-PKS-A-02-2604', 'PKS-A-02', '2026-04', 24162.88, 12300, 65174.33, 23482.41);
INSERT INTO jadwal_panen VALUES
('PN-KBN-02-1-2301', 'KBN-02-1', 'PKS-A-02', 7027.04, 7320.42, '2023-01-03', '2023-01-08', 'selesai'),
('PN-KBN-02-2-2301', 'KBN-02-2', 'PKS-A-02', 5522.99, 4100.67, '2023-01-03', '2023-01-17', 'selesai'),
('PN-KBN-02-1-2302', 'KBN-02-1', 'PKS-A-02', 7475.63, 7679.97, '2023-02-02', '2023-02-15', 'selesai'),
('PN-KBN-02-2-2302', 'KBN-02-2', 'PKS-A-02', 5917.09, 6064.46, '2023-02-06', '2023-02-13', 'selesai'),
('PN-KBN-02-1-2303', 'KBN-02-1', 'PKS-A-02', 9787.51, 7356.69, '2023-03-06', '2023-03-19', 'selesai'),
('PN-KBN-02-2-2303', 'KBN-02-2', 'PKS-A-02', 6842.07, 6687.31, '2023-03-06', '2023-03-20', 'selesai'),
('PN-KBN-02-1-2304', 'KBN-02-1', 'PKS-A-02', 9589.58, 9765.68, '2023-04-05', '2023-04-20', 'selesai'),
('PN-KBN-02-2-2304', 'KBN-02-2', 'PKS-A-02', 6375.67, 6276.74, '2023-04-03', '2023-04-10', 'selesai'),
('PN-KBN-02-1-2305', 'KBN-02-1', 'PKS-A-02', 9810.17, 10102.02, '2023-05-06', '2023-05-11', 'selesai'),
('PN-KBN-02-2-2305', 'KBN-02-2', 'PKS-A-02', 6959.73, 5351.42, '2023-05-05', '2023-05-20', 'selesai'),
('PN-KBN-02-1-2306', 'KBN-02-1', 'PKS-A-02', 6962.89, 6706.41, '2023-06-06', '2023-06-14', 'selesai'),
('PN-KBN-02-2-2306', 'KBN-02-2', 'PKS-A-02', 5861.55, 5868.48, '2023-06-06', '2023-06-21', 'selesai'),
('PN-KBN-02-1-2307', 'KBN-02-1', 'PKS-A-02', 9278.47, 4776.54, '2023-07-06', '2023-07-15', 'selesai'),
('PN-KBN-02-2-2307', 'KBN-02-2', 'PKS-A-02', 5747.04, 3070.45, '2023-07-02', '2023-07-12', 'selesai'),
('PN-KBN-02-1-2308', 'KBN-02-1', 'PKS-A-02', 7341.53, 7715.38, '2023-08-02', '2023-08-12', 'selesai'),
('PN-KBN-02-2-2308', 'KBN-02-2', 'PKS-A-02', 6390.8, 6813.12, '2023-08-02', '2023-08-16', 'selesai'),
('PN-KBN-02-1-2309', 'KBN-02-1', 'PKS-A-02', 7852.41, 7461.07, '2023-09-04', '2023-09-15', 'selesai'),
('PN-KBN-02-2-2309', 'KBN-02-2', 'PKS-A-02', 6579.65, 7118.42, '2023-09-06', '2023-09-21', 'selesai'),
('PN-KBN-02-1-2310', 'KBN-02-1', 'PKS-A-02', 9683.52, 10596.16, '2023-10-05', '2023-10-10', 'selesai'),
('PN-KBN-02-2-2310', 'KBN-02-2', 'PKS-A-02', 6885.61, 7436.64, '2023-10-02', '2023-10-13', 'selesai'),
('PN-KBN-02-1-2311', 'KBN-02-1', 'PKS-A-02', 7566.28, 5566.5, '2023-11-02', '2023-11-08', 'selesai'),
('PN-KBN-02-2-2311', 'KBN-02-2', 'PKS-A-02', 6584.12, 6758.14, '2023-11-02', '2023-11-08', 'selesai'),
('PN-KBN-02-1-2312', 'KBN-02-1', 'PKS-A-02', 6870.84, 6648.6, '2023-12-03', '2023-12-12', 'selesai'),
('PN-KBN-02-2-2312', 'KBN-02-2', 'PKS-A-02', 6421.54, 3714.43, '2023-12-04', '2023-12-11', 'selesai'),
('PN-KBN-02-1-2401', 'KBN-02-1', 'PKS-A-02', 6971.68, 7269.0, '2024-01-03', '2024-01-08', 'selesai'),
('PN-KBN-02-2-2401', 'KBN-02-2', 'PKS-A-02', 6779.86, 6460.01, '2024-01-06', '2024-01-13', 'selesai'),
('PN-KBN-02-1-2402', 'KBN-02-1', 'PKS-A-02', 6840.59, 7210.75, '2024-02-03', '2024-02-10', 'selesai'),
('PN-KBN-02-2-2402', 'KBN-02-2', 'PKS-A-02', 6996.67, 7354.61, '2024-02-04', '2024-02-16', 'selesai'),
('PN-KBN-02-1-2403', 'KBN-02-1', 'PKS-A-02', 8721.35, 8932.16, '2024-03-03', '2024-03-15', 'selesai'),
('PN-KBN-02-2-2403', 'KBN-02-2', 'PKS-A-02', 6707.85, 7191.36, '2024-03-06', '2024-03-20', 'selesai'),
('PN-KBN-02-1-2404', 'KBN-02-1', 'PKS-A-02', 6804.86, 3527.71, '2024-04-02', '2024-04-12', 'selesai'),
('PN-KBN-02-2-2404', 'KBN-02-2', 'PKS-A-02', 4963.97, 5085.34, '2024-04-05', '2024-04-20', 'selesai'),
('PN-KBN-02-1-2405', 'KBN-02-1', 'PKS-A-02', 8703.77, 9336.82, '2024-05-06', '2024-05-13', 'selesai'),
('PN-KBN-02-2-2405', 'KBN-02-2', 'PKS-A-02', 6303.37, 6222.72, '2024-05-06', '2024-05-16', 'selesai'),
('PN-KBN-02-1-2406', 'KBN-02-1', 'PKS-A-02', 8538.75, 5046.98, '2024-06-05', '2024-06-13', 'selesai'),
('PN-KBN-02-2-2406', 'KBN-02-2', 'PKS-A-02', 5799.43, 6058.02, '2024-06-02', '2024-06-17', 'selesai'),
('PN-KBN-02-1-2407', 'KBN-02-1', 'PKS-A-02', 9576.0, 10147.56, '2024-07-06', '2024-07-17', 'selesai'),
('PN-KBN-02-2-2407', 'KBN-02-2', 'PKS-A-02', 6449.9, 6590.53, '2024-07-04', '2024-07-16', 'selesai'),
('PN-KBN-02-1-2408', 'KBN-02-1', 'PKS-A-02', 9278.84, 9435.75, '2024-08-03', '2024-08-09', 'selesai'),
('PN-KBN-02-2-2408', 'KBN-02-2', 'PKS-A-02', 5854.97, 0.0, '2024-08-05', '2024-08-19', 'tertunda'),
('PN-KBN-02-1-2409', 'KBN-02-1', 'PKS-A-02', 7743.65, 0.0, '2024-09-04', '2024-09-10', 'tertunda'),
('PN-KBN-02-2-2409', 'KBN-02-2', 'PKS-A-02', 6899.01, 6959.82, '2024-09-02', '2024-09-07', 'selesai'),
('PN-KBN-02-1-2410', 'KBN-02-1', 'PKS-A-02', 7596.07, 7222.29, '2024-10-03', '2024-10-12', 'selesai'),
('PN-KBN-02-2-2410', 'KBN-02-2', 'PKS-A-02', 5871.34, 0.0, '2024-10-02', '2024-10-12', 'tertunda'),
('PN-KBN-02-1-2411', 'KBN-02-1', 'PKS-A-02', 7070.79, 7435.1, '2024-11-02', '2024-11-15', 'selesai'),
('PN-KBN-02-2-2411', 'KBN-02-2', 'PKS-A-02', 5345.84, 5306.53, '2024-11-02', '2024-11-09', 'selesai'),
('PN-KBN-02-1-2412', 'KBN-02-1', 'PKS-A-02', 9313.64, 9042.02, '2024-12-06', '2024-12-14', 'selesai'),
('PN-KBN-02-2-2412', 'KBN-02-2', 'PKS-A-02', 5494.22, 5884.37, '2024-12-05', '2024-12-15', 'selesai'),
('PN-KBN-02-1-2501', 'KBN-02-1', 'PKS-A-02', 7821.88, 8250.8, '2025-01-03', '2025-01-13', 'selesai'),
('PN-KBN-02-2-2501', 'KBN-02-2', 'PKS-A-02', 6230.77, 6100.34, '2025-01-03', '2025-01-12', 'selesai'),
('PN-KBN-02-1-2502', 'KBN-02-1', 'PKS-A-02', 7092.82, 7293.49, '2025-02-04', '2025-02-15', 'selesai'),
('PN-KBN-02-2-2502', 'KBN-02-2', 'PKS-A-02', 6913.96, 6606.08, '2025-02-03', '2025-02-17', 'selesai'),
('PN-KBN-02-1-2503', 'KBN-02-1', 'PKS-A-02', 7136.56, 0.0, '2025-03-05', '2025-03-11', 'tertunda'),
('PN-KBN-02-2-2503', 'KBN-02-2', 'PKS-A-02', 5648.51, 5627.99, '2025-03-05', '2025-03-12', 'selesai'),
('PN-KBN-02-1-2504', 'KBN-02-1', 'PKS-A-02', 7669.97, 7631.07, '2025-04-05', '2025-04-16', 'selesai'),
('PN-KBN-02-2-2504', 'KBN-02-2', 'PKS-A-02', 5499.78, 5471.37, '2025-04-03', '2025-04-17', 'selesai'),
('PN-KBN-02-1-2505', 'KBN-02-1', 'PKS-A-02', 8195.59, 6088.81, '2025-05-03', '2025-05-08', 'selesai'),
('PN-KBN-02-2-2505', 'KBN-02-2', 'PKS-A-02', 6164.81, 4906.23, '2025-05-06', '2025-05-16', 'selesai'),
('PN-KBN-02-1-2506', 'KBN-02-1', 'PKS-A-02', 7541.33, 4464.08, '2025-06-04', '2025-06-19', 'selesai'),
('PN-KBN-02-2-2506', 'KBN-02-2', 'PKS-A-02', 4913.84, 0.0, '2025-06-03', '2025-06-17', 'tertunda'),
('PN-KBN-02-1-2507', 'KBN-02-1', 'PKS-A-02', 8656.34, 8636.62, '2025-07-04', '2025-07-09', 'selesai'),
('PN-KBN-02-2-2507', 'KBN-02-2', 'PKS-A-02', 6615.05, 0.0, '2025-07-03', '2025-07-10', 'tertunda'),
('PN-KBN-02-1-2508', 'KBN-02-1', 'PKS-A-02', 6740.42, 6910.42, '2025-08-04', '2025-08-10', 'selesai'),
('PN-KBN-02-2-2508', 'KBN-02-2', 'PKS-A-02', 6815.7, 6571.11, '2025-08-06', '2025-08-21', 'selesai'),
('PN-KBN-02-1-2509', 'KBN-02-1', 'PKS-A-02', 9535.57, 10191.66, '2025-09-03', '2025-09-09', 'selesai'),
('PN-KBN-02-2-2509', 'KBN-02-2', 'PKS-A-02', 7080.58, 4677.94, '2025-09-03', '2025-09-10', 'selesai'),
('PN-KBN-02-1-2510', 'KBN-02-1', 'PKS-A-02', 9285.01, 10184.7, '2025-10-04', '2025-10-15', 'selesai'),
('PN-KBN-02-2-2510', 'KBN-02-2', 'PKS-A-02', 6732.02, 6990.21, '2025-10-02', '2025-10-17', 'selesai'),
('PN-KBN-02-1-2511', 'KBN-02-1', 'PKS-A-02', 8009.65, 8558.06, '2025-11-02', '2025-11-09', 'selesai'),
('PN-KBN-02-2-2511', 'KBN-02-2', 'PKS-A-02', 6211.54, 6249.33, '2025-11-06', '2025-11-20', 'selesai'),
('PN-KBN-02-1-2512', 'KBN-02-1', 'PKS-A-02', 8800.45, 8855.97, '2025-12-05', '2025-12-13', 'selesai'),
('PN-KBN-02-2-2512', 'KBN-02-2', 'PKS-A-02', 5107.3, 5160.33, '2025-12-02', '2025-12-17', 'selesai'),
('PN-KBN-02-1-2601', 'KBN-02-1', 'PKS-A-02', 7617.99, 7602.4, '2026-01-04', '2026-01-19', 'selesai'),
('PN-KBN-02-2-2601', 'KBN-02-2', 'PKS-A-02', 6921.8, 7121.81, '2026-01-06', '2026-01-12', 'selesai'),
('PN-KBN-02-1-2602', 'KBN-02-1', 'PKS-A-02', 8385.9, 4981.25, '2026-02-02', '2026-02-09', 'selesai'),
('PN-KBN-02-2-2602', 'KBN-02-2', 'PKS-A-02', 5916.79, 5833.74, '2026-02-03', '2026-02-10', 'selesai'),
('PN-KBN-02-1-2603', 'KBN-02-1', 'PKS-A-02', 7925.35, 8439.75, '2026-03-02', '2026-03-12', 'selesai'),
('PN-KBN-02-2-2603', 'KBN-02-2', 'PKS-A-02', 5709.17, 5890.21, '2026-03-03', '2026-03-08', 'selesai'),
('PN-KBN-02-1-2604', 'KBN-02-1', 'PKS-A-02', 9544.44, 10307.21, '2026-04-06', '2026-04-11', 'selesai'),
('PN-KBN-02-2-2604', 'KBN-02-2', 'PKS-A-02', 6808.29, 6568.01, '2026-04-04', '2026-04-11', 'selesai');
