-- DATABASE MYSQL: a-03-siak
CREATE DATABASE IF NOT EXISTS `a-03-siak`;
USE `a-03-siak`;

CREATE TABLE IF NOT EXISTS perusahaan (perusahaan_id VARCHAR(20) PRIMARY KEY, nama_perusahaan VARCHAR(100), kode_wilayah VARCHAR(10), kapasitas_olah_ton DECIMAL(10,2));
CREATE TABLE IF NOT EXISTS karyawan (karyawan_id VARCHAR(30) PRIMARY KEY, perusahaan_id VARCHAR(20), nama VARCHAR(100), jabatan VARCHAR(50), status VARCHAR(20));
CREATE TABLE IF NOT EXISTS varietas (id_varietas VARCHAR(10) PRIMARY KEY, nama_varietas VARCHAR(50), produsen VARCHAR(50), potensi_cpo DECIMAL(4,2), tahan_ganoderma VARCHAR(20), rerata_tandan_kg DECIMAL(4,2));
CREATE TABLE IF NOT EXISTS kebun (kebun_id VARCHAR(20) PRIMARY KEY, perusahaan_id VARCHAR(20), nama_kebun VARCHAR(100), kode_wilayah VARCHAR(10), luas_ha DECIMAL(10,2), tahun_tanam SMALLINT, varietas_id VARCHAR(20), status_lahan VARCHAR(20));
CREATE TABLE IF NOT EXISTS laporan_bulanan (laporan_id VARCHAR(30) PRIMARY KEY, perusahaan_id VARCHAR(20), periode CHAR(7), produksi_tbs_ton DECIMAL(12,2), luas_panen_ha DECIMAL(10,2), stok_akhir_ton DECIMAL(12,2), volume_penjualan_ton DECIMAL(12,2));
CREATE TABLE IF NOT EXISTS jadwal_panen (jadwal_id VARCHAR(30) PRIMARY KEY, kebun_id VARCHAR(20), perusahaan_id VARCHAR(20), target_panen_ton DECIMAL(12,2), realisasi_panen_ton DECIMAL(12,2), tanggal_mulai DATE, tanggal_selesai DATE, status VARCHAR(20));

INSERT INTO perusahaan VALUES ('PKS-A-03', 'PT Siak Palma Sejahtera', '1405', 50);
INSERT INTO karyawan VALUES
('PKS-A-03-EMP-01', 'PKS-A-03', 'Fadli Hamzah', 'Operator', 'aktif'),
('PKS-A-03-EMP-02', 'PKS-A-03', 'Dahnil Siddiq', 'Admin', 'aktif'),
('PKS-A-03-EMP-03', 'PKS-A-03', 'Chairil Syafiq', 'Mekanik', 'non-aktif'),
('PKS-A-03-EMP-04', 'PKS-A-03', 'Dahnil Laila', 'Supervisor', 'non-aktif'),
('PKS-A-03-EMP-05', 'PKS-A-03', 'Andi Rahman', 'Operator', 'aktif'),
('PKS-A-03-EMP-06', 'PKS-A-03', 'Nur Syafiq', 'Mandor', 'aktif'),
('PKS-A-03-EMP-07', 'PKS-A-03', 'Ihsan Sulaiman', 'Operator', 'aktif'),
('PKS-A-03-EMP-08', 'PKS-A-03', 'Aminah Sulaiman', 'Mekanik', 'non-aktif'),
('PKS-A-03-EMP-09', 'PKS-A-03', 'Nur Hasan', 'Security', 'aktif'),
('PKS-A-03-EMP-10', 'PKS-A-03', 'Dahnil Laila', 'Mekanik', 'aktif');
INSERT INTO varietas VALUES
('V-01', 'DxP PPKS 540', 'PPKS', 8.5, 'Tinggi', 16.5),
('V-02', 'DxP Simalungun', 'PPKS', 7.8, 'Sedang', 18.2),
('V-03', 'DxP Yangambi', 'Socfindo', 8.2, 'Rentan', 15.0);
INSERT INTO kebun VALUES
('KBN-03-1', 'PKS-A-03', 'Kebun Afdeling 1', '1405', 4235.37, 2011, 'V-01', 'produktif'),
('KBN-03-2', 'PKS-A-03', 'Kebun Afdeling 2', '1405', 974.8, 2020, 'V-02', 'produktif'),
('KBN-03-3', 'PKS-A-03', 'Kebun Afdeling 3', '1405', 3689.83, 2017, 'V-03', 'TBM');
INSERT INTO laporan_bulanan VALUES
('R-PKS-A-03-2301', 'PKS-A-03', '2023-01', 12145.19, 8900, 1268.54, 11814.69),
('R-PKS-A-03-2302', 'PKS-A-03', '2023-02', 15761.93, 8900, 3624.44, 13406.03),
('R-PKS-A-03-2303', 'PKS-A-03', '2023-03', 20187.29, 8900, 6327.4, 17484.33),
('R-PKS-A-03-2304', 'PKS-A-03', '2023-04', 17942.77, 8900, 7114.82, 17155.35),
('R-PKS-A-03-2305', 'PKS-A-03', '2023-05', 22077.36, 8900, 8720.1, 20472.08),
('R-PKS-A-03-2306', 'PKS-A-03', '2023-06', 17670.1, 8900, 10219.67, 16170.53),
('R-PKS-A-03-2307', 'PKS-A-03', '2023-07', 21653.05, 8900, 11334.54, 20538.18),
('R-PKS-A-03-2308', 'PKS-A-03', '2023-08', 20650.0, 8900, 13297.64, 18686.9),
('R-PKS-A-03-2309', 'PKS-A-03', '2023-09', 17869.75, 8900, 13856.13, 17311.26),
('R-PKS-A-03-2310', 'PKS-A-03', '2023-10', 16482.23, 8900, 15284.07, 15054.29),
('R-PKS-A-03-2311', 'PKS-A-03', '2023-11', 17058.27, 8900, 17390.59, 14951.75),
('R-PKS-A-03-2312', 'PKS-A-03', '2023-12', 13598.0, 8900, 19011.5, 11977.09),
('R-PKS-A-03-2401', 'PKS-A-03', '2024-01', 14928.55, 8900, 19795.29, 14144.76),
('R-PKS-A-03-2402', 'PKS-A-03', '2024-02', 13217.69, 8900, 20299.49, 12713.5),
('R-PKS-A-03-2403', 'PKS-A-03', '2024-03', 21279.68, 8900, 20896.95, 20682.22),
('R-PKS-A-03-2404', 'PKS-A-03', '2024-04', 17869.07, 8900, 22749.41, 16016.61),
('R-PKS-A-03-2405', 'PKS-A-03', '2024-05', 18949.69, 8900, 23919.12, 17779.98),
('R-PKS-A-03-2406', 'PKS-A-03', '2024-06', 24179.3, 8900, 25686.27, 22412.15),
('R-PKS-A-03-2407', 'PKS-A-03', '2024-07', 25077.11, 8900, 28992.22, 21771.16),
('R-PKS-A-03-2408', 'PKS-A-03', '2024-08', 24037.4, 8900, 30182.5, 22847.13),
('R-PKS-A-03-2409', 'PKS-A-03', '2024-09', 22043.5, 8900, 33049.29, 19176.71),
('R-PKS-A-03-2410', 'PKS-A-03', '2024-10', 18822.94, 8900, 33603.33, 18268.9),
('R-PKS-A-03-2411', 'PKS-A-03', '2024-11', 14861.28, 8900, 34415.58, 14049.03),
('R-PKS-A-03-2412', 'PKS-A-03', '2024-12', 15335.36, 8900, 34942.36, 14808.58),
('R-PKS-A-03-2501', 'PKS-A-03', '2025-01', 16048.1, 8900, 36578.86, 14411.61),
('R-PKS-A-03-2502', 'PKS-A-03', '2025-02', 13013.98, 8900, 36995.1, 12597.74),
('R-PKS-A-03-2503', 'PKS-A-03', '2025-03', 21098.56, 8900, 39900.05, 18193.61),
('R-PKS-A-03-2504', 'PKS-A-03', '2025-04', 20451.85, 8900, 42868.24, 17483.66),
('R-PKS-A-03-2505', 'PKS-A-03', '2025-05', 22423.52, 8900, 45652.05, 19639.71),
('R-PKS-A-03-2506', 'PKS-A-03', '2025-06', 22524.21, 8900, 48991.6, 19184.66),
('R-PKS-A-03-2507', 'PKS-A-03', '2025-07', 24474.68, 8900, 51529.07, 21937.2),
('R-PKS-A-03-2508', 'PKS-A-03', '2025-08', 23047.31, 8900, 53067.36, 21509.02),
('R-PKS-A-03-2509', 'PKS-A-03', '2025-09', 15930.2, 8900, 55331.66, 13665.9),
('R-PKS-A-03-2510', 'PKS-A-03', '2025-10', 18534.57, 8900, 57015.85, 16850.38),
('R-PKS-A-03-2511', 'PKS-A-03', '2025-11', 13762.15, 8900, 58006.43, 12771.57),
('R-PKS-A-03-2512', 'PKS-A-03', '2025-12', 14530.87, 8900, 59172.88, 13364.42),
('R-PKS-A-03-2601', 'PKS-A-03', '2026-01', 16066.88, 8900, 59850.52, 15389.24),
('R-PKS-A-03-2602', 'PKS-A-03', '2026-02', 19022.13, 8900, 60679.58, 18193.07),
('R-PKS-A-03-2603', 'PKS-A-03', '2026-03', 20745.68, 8900, 61490.72, 19934.54),
('R-PKS-A-03-2604', 'PKS-A-03', '2026-04', 20824.66, 8900, 64543.51, 17771.86);
INSERT INTO jadwal_panen VALUES
('PN-KBN-03-1-2301', 'KBN-03-1', 'PKS-A-03', 7133.73, 7130.33, '2023-01-02', '2023-01-09', 'selesai'),
('PN-KBN-03-2-2301', 'KBN-03-2', 'PKS-A-03', 1527.93, 1672.08, '2023-01-04', '2023-01-12', 'selesai'),
('PN-KBN-03-1-2302', 'KBN-03-1', 'PKS-A-03', 6441.31, 4587.56, '2023-02-05', '2023-02-12', 'selesai'),
('PN-KBN-03-2-2302', 'KBN-03-2', 'PKS-A-03', 1825.33, 1844.9, '2023-02-06', '2023-02-21', 'selesai'),
('PN-KBN-03-1-2303', 'KBN-03-1', 'PKS-A-03', 7464.57, 7298.87, '2023-03-04', '2023-03-16', 'selesai'),
('PN-KBN-03-2-2303', 'KBN-03-2', 'PKS-A-03', 1765.49, 1749.72, '2023-03-03', '2023-03-08', 'selesai'),
('PN-KBN-03-1-2304', 'KBN-03-1', 'PKS-A-03', 7459.96, 7598.74, '2023-04-06', '2023-04-13', 'selesai'),
('PN-KBN-03-2-2304', 'KBN-03-2', 'PKS-A-03', 1503.36, 927.0, '2023-04-04', '2023-04-19', 'selesai'),
('PN-KBN-03-1-2305', 'KBN-03-1', 'PKS-A-03', 7861.79, 8391.02, '2023-05-04', '2023-05-15', 'selesai'),
('PN-KBN-03-2-2305', 'KBN-03-2', 'PKS-A-03', 1528.35, 1607.52, '2023-05-06', '2023-05-15', 'selesai'),
('PN-KBN-03-1-2306', 'KBN-03-1', 'PKS-A-03', 9313.45, 10243.39, '2023-06-06', '2023-06-17', 'selesai'),
('PN-KBN-03-2-2306', 'KBN-03-2', 'PKS-A-03', 1795.87, 1962.72, '2023-06-03', '2023-06-09', 'selesai'),
('PN-KBN-03-1-2307', 'KBN-03-1', 'PKS-A-03', 7063.39, 7520.61, '2023-07-03', '2023-07-12', 'selesai'),
('PN-KBN-03-2-2307', 'KBN-03-2', 'PKS-A-03', 1819.39, 1815.29, '2023-07-04', '2023-07-18', 'selesai'),
('PN-KBN-03-1-2308', 'KBN-03-1', 'PKS-A-03', 7900.37, 7642.92, '2023-08-05', '2023-08-20', 'selesai'),
('PN-KBN-03-2-2308', 'KBN-03-2', 'PKS-A-03', 1575.09, 1721.49, '2023-08-04', '2023-08-10', 'selesai'),
('PN-KBN-03-1-2309', 'KBN-03-1', 'PKS-A-03', 6376.76, 6930.84, '2023-09-06', '2023-09-19', 'selesai'),
('PN-KBN-03-2-2309', 'KBN-03-2', 'PKS-A-03', 1465.98, 1547.39, '2023-09-05', '2023-09-13', 'selesai'),
('PN-KBN-03-1-2310', 'KBN-03-1', 'PKS-A-03', 8458.96, 8565.61, '2023-10-05', '2023-10-16', 'selesai'),
('PN-KBN-03-2-2310', 'KBN-03-2', 'PKS-A-03', 1856.42, 1953.55, '2023-10-05', '2023-10-11', 'selesai'),
('PN-KBN-03-1-2311', 'KBN-03-1', 'PKS-A-03', 7214.41, 7203.5, '2023-11-06', '2023-11-19', 'selesai'),
('PN-KBN-03-2-2311', 'KBN-03-2', 'PKS-A-03', 1901.65, 1487.64, '2023-11-04', '2023-11-12', 'selesai'),
('PN-KBN-03-1-2312', 'KBN-03-1', 'PKS-A-03', 6770.66, 6921.38, '2023-12-04', '2023-12-11', 'selesai'),
('PN-KBN-03-2-2312', 'KBN-03-2', 'PKS-A-03', 1526.38, 1597.09, '2023-12-03', '2023-12-12', 'selesai'),
('PN-KBN-03-1-2401', 'KBN-03-1', 'PKS-A-03', 6789.12, 6672.23, '2024-01-04', '2024-01-15', 'selesai'),
('PN-KBN-03-2-2401', 'KBN-03-2', 'PKS-A-03', 1989.66, 2107.97, '2024-01-06', '2024-01-20', 'selesai'),
('PN-KBN-03-1-2402', 'KBN-03-1', 'PKS-A-03', 7533.75, 7342.39, '2024-02-06', '2024-02-18', 'selesai'),
('PN-KBN-03-2-2402', 'KBN-03-2', 'PKS-A-03', 2009.7, 2163.41, '2024-02-02', '2024-02-16', 'selesai'),
('PN-KBN-03-1-2403', 'KBN-03-1', 'PKS-A-03', 8782.22, 9030.0, '2024-03-02', '2024-03-11', 'selesai'),
('PN-KBN-03-2-2403', 'KBN-03-2', 'PKS-A-03', 1841.82, 1959.74, '2024-03-04', '2024-03-19', 'selesai'),
('PN-KBN-03-1-2404', 'KBN-03-1', 'PKS-A-03', 8786.39, 9238.85, '2024-04-05', '2024-04-15', 'selesai'),
('PN-KBN-03-2-2404', 'KBN-03-2', 'PKS-A-03', 1511.63, 1052.96, '2024-04-02', '2024-04-12', 'selesai'),
('PN-KBN-03-1-2405', 'KBN-03-1', 'PKS-A-03', 7817.9, 0.0, '2024-05-02', '2024-05-10', 'tertunda'),
('PN-KBN-03-2-2405', 'KBN-03-2', 'PKS-A-03', 1854.12, 1821.07, '2024-05-06', '2024-05-18', 'selesai'),
('PN-KBN-03-1-2406', 'KBN-03-1', 'PKS-A-03', 7730.15, 7870.28, '2024-06-06', '2024-06-18', 'selesai'),
('PN-KBN-03-2-2406', 'KBN-03-2', 'PKS-A-03', 1745.74, 1770.74, '2024-06-03', '2024-06-13', 'selesai'),
('PN-KBN-03-1-2407', 'KBN-03-1', 'PKS-A-03', 9277.11, 4764.22, '2024-07-03', '2024-07-13', 'selesai'),
('PN-KBN-03-2-2407', 'KBN-03-2', 'PKS-A-03', 2070.9, 2075.34, '2024-07-02', '2024-07-09', 'selesai'),
('PN-KBN-03-1-2408', 'KBN-03-1', 'PKS-A-03', 8302.61, 8865.11, '2024-08-02', '2024-08-09', 'selesai'),
('PN-KBN-03-2-2408', 'KBN-03-2', 'PKS-A-03', 1743.78, 1661.68, '2024-08-05', '2024-08-14', 'selesai'),
('PN-KBN-03-1-2409', 'KBN-03-1', 'PKS-A-03', 8347.95, 8360.15, '2024-09-03', '2024-09-13', 'selesai'),
('PN-KBN-03-2-2409', 'KBN-03-2', 'PKS-A-03', 2113.09, 2200.43, '2024-09-05', '2024-09-16', 'selesai'),
('PN-KBN-03-1-2410', 'KBN-03-1', 'PKS-A-03', 7844.32, 4244.82, '2024-10-02', '2024-10-10', 'selesai'),
('PN-KBN-03-2-2410', 'KBN-03-2', 'PKS-A-03', 1500.39, 994.02, '2024-10-04', '2024-10-12', 'selesai'),
('PN-KBN-03-1-2411', 'KBN-03-1', 'PKS-A-03', 7809.85, 7607.04, '2024-11-06', '2024-11-20', 'selesai'),
('PN-KBN-03-2-2411', 'KBN-03-2', 'PKS-A-03', 1849.99, 1918.22, '2024-11-05', '2024-11-18', 'selesai'),
('PN-KBN-03-1-2412', 'KBN-03-1', 'PKS-A-03', 7666.41, 7690.23, '2024-12-05', '2024-12-19', 'selesai'),
('PN-KBN-03-2-2412', 'KBN-03-2', 'PKS-A-03', 1888.1, 1838.01, '2024-12-02', '2024-12-15', 'selesai'),
('PN-KBN-03-1-2501', 'KBN-03-1', 'PKS-A-03', 7541.7, 7354.78, '2025-01-05', '2025-01-11', 'selesai'),
('PN-KBN-03-2-2501', 'KBN-03-2', 'PKS-A-03', 2048.47, 2058.04, '2025-01-06', '2025-01-14', 'selesai'),
('PN-KBN-03-1-2502', 'KBN-03-1', 'PKS-A-03', 7264.37, 7398.2, '2025-02-03', '2025-02-12', 'selesai'),
('PN-KBN-03-2-2502', 'KBN-03-2', 'PKS-A-03', 1697.89, 1671.16, '2025-02-05', '2025-02-20', 'selesai'),
('PN-KBN-03-1-2503', 'KBN-03-1', 'PKS-A-03', 8514.09, 6570.5, '2025-03-04', '2025-03-14', 'selesai'),
('PN-KBN-03-2-2503', 'KBN-03-2', 'PKS-A-03', 1956.09, 1094.12, '2025-03-02', '2025-03-17', 'selesai'),
('PN-KBN-03-1-2504', 'KBN-03-1', 'PKS-A-03', 6383.31, 6810.16, '2025-04-04', '2025-04-10', 'selesai'),
('PN-KBN-03-2-2504', 'KBN-03-2', 'PKS-A-03', 1603.57, 1567.81, '2025-04-05', '2025-04-15', 'selesai'),
('PN-KBN-03-1-2505', 'KBN-03-1', 'PKS-A-03', 7525.73, 7817.09, '2025-05-05', '2025-05-10', 'selesai'),
('PN-KBN-03-2-2505', 'KBN-03-2', 'PKS-A-03', 2069.06, 2160.19, '2025-05-05', '2025-05-15', 'selesai'),
('PN-KBN-03-1-2506', 'KBN-03-1', 'PKS-A-03', 8809.25, 0.0, '2025-06-06', '2025-06-13', 'tertunda'),
('PN-KBN-03-2-2506', 'KBN-03-2', 'PKS-A-03', 2077.4, 1560.88, '2025-06-04', '2025-06-17', 'selesai'),
('PN-KBN-03-1-2507', 'KBN-03-1', 'PKS-A-03', 7214.48, 7234.24, '2025-07-05', '2025-07-19', 'selesai'),
('PN-KBN-03-2-2507', 'KBN-03-2', 'PKS-A-03', 1571.0, 1633.93, '2025-07-05', '2025-07-17', 'selesai'),
('PN-KBN-03-1-2508', 'KBN-03-1', 'PKS-A-03', 8420.06, 7999.13, '2025-08-04', '2025-08-14', 'selesai'),
('PN-KBN-03-2-2508', 'KBN-03-2', 'PKS-A-03', 1659.64, 1694.72, '2025-08-05', '2025-08-14', 'selesai'),
('PN-KBN-03-1-2509', 'KBN-03-1', 'PKS-A-03', 6371.15, 3941.11, '2025-09-02', '2025-09-10', 'selesai'),
('PN-KBN-03-2-2509', 'KBN-03-2', 'PKS-A-03', 1486.77, 1525.25, '2025-09-06', '2025-09-14', 'selesai'),
('PN-KBN-03-1-2510', 'KBN-03-1', 'PKS-A-03', 7070.52, 0.0, '2025-10-03', '2025-10-10', 'tertunda'),
('PN-KBN-03-2-2510', 'KBN-03-2', 'PKS-A-03', 1946.79, 2049.48, '2025-10-02', '2025-10-08', 'selesai'),
('PN-KBN-03-1-2511', 'KBN-03-1', 'PKS-A-03', 8860.06, 6924.69, '2025-11-05', '2025-11-20', 'selesai'),
('PN-KBN-03-2-2511', 'KBN-03-2', 'PKS-A-03', 1817.84, 1918.61, '2025-11-06', '2025-11-12', 'selesai'),
('PN-KBN-03-1-2512', 'KBN-03-1', 'PKS-A-03', 7768.78, 8089.0, '2025-12-02', '2025-12-13', 'selesai'),
('PN-KBN-03-2-2512', 'KBN-03-2', 'PKS-A-03', 1973.79, 2068.81, '2025-12-02', '2025-12-16', 'selesai'),
('PN-KBN-03-1-2601', 'KBN-03-1', 'PKS-A-03', 8759.42, 9544.72, '2026-01-04', '2026-01-17', 'selesai'),
('PN-KBN-03-2-2601', 'KBN-03-2', 'PKS-A-03', 1857.45, 1842.83, '2026-01-03', '2026-01-09', 'selesai'),
('PN-KBN-03-1-2602', 'KBN-03-1', 'PKS-A-03', 7410.14, 7985.16, '2026-02-04', '2026-02-14', 'selesai'),
('PN-KBN-03-2-2602', 'KBN-03-2', 'PKS-A-03', 1754.51, 1836.79, '2026-02-06', '2026-02-20', 'selesai'),
('PN-KBN-03-1-2603', 'KBN-03-1', 'PKS-A-03', 8947.94, 9692.89, '2026-03-05', '2026-03-20', 'selesai'),
('PN-KBN-03-2-2603', 'KBN-03-2', 'PKS-A-03', 1512.38, 1638.34, '2026-03-05', '2026-03-15', 'selesai'),
('PN-KBN-03-1-2604', 'KBN-03-1', 'PKS-A-03', 6727.72, 6821.96, '2026-04-05', '2026-04-16', 'selesai'),
('PN-KBN-03-2-2604', 'KBN-03-2', 'PKS-A-03', 1513.61, 1446.19, '2026-04-05', '2026-04-11', 'selesai');
